paymentid,invoice_no,class_id,client_id,ctd_by,ctd_on,lang_id,matter_no,payment_amount,payment_date,payment_number,payment_text,posting_date,status_id,transaction_type,payment_code
1532539,800001,2,8376,admin,2022-04-30,EN,8376-01,270,2022-04-30,168049,Credit Card Manual,2022-04-30,FPD,PAYMENT,FPD
1532540,800002,1,54011,admin,2022-04-30,EN,54011-01,4395,2022-04-30,168207,Credit Card Manual,2022-04-30,FPD,PAYMENT,FPD
1532541,800003,2,9267,admin,2022-04-30,EN,9267-223,250,2022-04-30,168036,Credit Card Manual,2022-04-30,FPD,PAYMENT,FPD
1532542,800004,2,9267,admin,2022-04-30,EN,9267-223,37.5,2022-04-30,168037,Credit Card Manual,2022-04-30,HPD,PAYMENT,HPD
1532543,800005,2,10002,admin,2022-04-30,EN,10002-01,10,2022-04-30,167232,Cash,2022-04-30,N,PAYMENT,N
1532544,800006,2,8936,admin,2022-04-30,EN,8936-211,450,2022-05-01,168041,Credit Card Manual,2022-04-30,FPD,PAYMENT,FPD
1532545,800007,2,10007,admin,2022-04-30,EN,10007-01,10,2022-05-02,167245,Cash,2022-04-30,FPD,PAYMENT,FPD
1532546,800008,2,SDMIMM1_2022 Immigration Unbillable,admin,2022-04-30,EN,SDMIMM1,450,2022-05-03,168044,Credit Card Manual,2022-04-30,FPD,PAYMENT,FPD
1532547,800009,2,SDMIMM1_2022 Immigration Unbillable,admin,2022-04-30,EN,SDMIMM1,575,2022-05-04,168206,Credit Card Manual,2022-04-30,FPD,PAYMENT,FPD
1532548,800010,1,54015,admin,2022-04-30,EN,54015-02,1200,2022-05-05,168209,Credit Card Manual,2022-04-30,FPD,PAYMENT,FPD
1532549,800011,2,10053,admin,2022-04-30,EN,10053-01_Lizbeth Guadalupe Yanez Avila,375,2022-05-06,167699,Credit Card Manual,2022-04-30,LFP,PAYMENT,LFP
1532550,800012,2,CODIMM1_2022 Immigration Unbillable,admin,2022-04-30,EN,SDMIMM1,575,2022-05-07,167755,Credit Card Manual,2022-04-30,CON,PAYMENT,CON
1532551,800013,2,10053,admin,2022-04-30,EN,10053-01_Lizbeth Guadalupe Yanez Avila,200,2022-04-30,167756,Credit Card Manual,2022-04-30,FPD,PAYMENT,FPD
1532552,800014,2,6089,admin,2022-04-30,EN,6089-203,1500,2022-04-30,167758,Credit Card Manual,2022-04-30,FPD,PAYMENT,FPD
1532553,800015,2,6089,admin,2022-04-30,EN,6089-204,1000,2022-04-30,167759,Credit Card Manual,2022-04-30,FPD,PAYMENT,FPD
1532554,800016,2,9310,admin,2022-04-30,EN,9310-223,817,2022-05-01,168293,Cash,2022-04-30,FPD,PAYMENT,FPD
1532555,800017,2,10057,admin,2022-04-30,EN,10057-01,800,2022-05-01,167622,Credit Card Manual,2022-04-30,FPD,PAYMENT,FPD
1532556,800018,2,7307,admin,2022-04-30,EN,7307-213,500,2022-05-01,167652,Credit Card Manual,2022-04-30,FPD,PAYMENT,FPD
1532557,800019,2,7307,admin,2022-04-30,EN,7307-212,500,2022-05-01,167653,Credit Card Manual,2022-04-30,FPD,PAYMENT,FPD
1532558,800020,1,5185,admin,2022-04-30,EN,51851_National Wire LLC - Immigration,1672.5,2022-05-01,167760,Credit Card Manual,2022-04-30,FPD,PAYMENT,FPD
1532559,800021,2,10055,admin,2022-04-30,EN,10055-01_Luis Alejandro Velasco,3700,2022-04-30,167767,Credit Card Manual,2022-04-30,FPD,PAYMENT,FPD
1532560,800022,2,10055,admin,2022-04-30,EN,10055-02_Luis Alejandro Velasco,250,2022-04-30,167768,Credit Card Manual,2022-04-30,HPD,PAYMENT,HPD
1532561,800023,2,10055,admin,2022-04-30,EN,10055-01_Luis Alejandro Velasco,250,2022-04-30,167769,Credit Card Manual,2022-04-30,HPD,PAYMENT,HPD
1532562,800024,2,10055,admin,2022-04-30,EN,10055-02_Luis Alejandro Velasco,3200,2022-05-04,167770,Credit Card Manual,2022-04-30,FPD,PAYMENT,FPD
1532563,800025,2,10057,admin,2022-04-30,EN,10057-01,250,2022-05-04,168288,Cash,2022-04-30,FPD,PAYMENT,FPD
1532564,800026,2,10058,admin,2022-04-30,EN,10058-01,575,2022-05-04,168289,Cash,2022-04-30,FPD,PAYMENT,FPD
1532565,800027,2,8801,admin,2022-04-30,EN,8801-201,160,2022-05-04,168401,Cash,2022-04-30,FPD,PAYMENT,FPD
1532566,800028,2,MAIMM1_2022 Immigration Unbillable,admin,2022-04-30,EN,MAIMM1,250,2022-05-04,167771,Credit Card Manual,2022-04-30,FPD,PAYMENT,FPD
1532567,800029,2,10057,admin,2022-04-30,EN,10057-01,250,2022-05-04,167772,Credit Card Manual,2022-04-30,FPD,PAYMENT,FPD
1532568,800030,2,7529,admin,2022-04-30,EN,7529-212,500,2022-05-05,167774,Credit Card Manual,2022-04-30,FPD,PAYMENT,FPD
1532569,800031,2,7529,admin,2022-04-30,EN,7529-212,75,2022-05-06,167775,Credit Card Manual,2022-04-30,HPD,PAYMENT,HPD
1532570,800032,2,10056,admin,2022-04-30,EN,10056-01,1500,2022-05-07,167790,Credit Card Manual,2022-04-30,FPD,PAYMENT,FPD
1532571,800033,2,10056,admin,2022-04-30,EN,10056-01,300,2022-05-08,167791,Credit Card Manual,2022-04-30,HPD,PAYMENT,HPD
1532572,800034,2,10056,admin,2022-04-30,EN,10056-02,75,2022-05-09,167793,Credit Card Manual,2022-04-30,HPD,PAYMENT,HPD
1532573,800035,2,10056,admin,2022-04-30,EN,10056-02,500,2022-05-10,167794,Credit Card Manual,2022-04-30,FPD,PAYMENT,FPD
1532574,800036,1,5962,admin,2022-04-30,EN,5962-01,1500,2022-05-11,167795,Credit Card Manual,2022-04-30,FPD,PAYMENT,FPD
1532575,800037,1,5962,admin,2022-04-30,EN,5962-02,500,2022-05-12,167796,Credit Card Manual,2022-04-30,FPD,PAYMENT,FPD
1532576,800038,1,5962,admin,2022-04-30,EN,5962-01,300,2022-04-30,167797,Credit Card Manual,2022-04-30,HPD,PAYMENT,HPD
1532577,800039,1,5962,admin,2022-04-30,EN,5962-02,75,2022-04-30,167798,Credit Card Manual,2022-04-30,HPD,PAYMENT,HPD
1532578,800040,2,9421,admin,2022-04-30,EN,9421-221,875,2022-04-30,167799,Credit Card Manual,2022-04-30,FPD,PAYMENT,FPD
1532579,800041,2,MAIMM1_2022 Immigration Unbillable,admin,2022-04-30,EN,MAIMM1,150,2022-04-30,167800,Credit Card Manual,2022-04-30,N,PAYMENT,N
1532580,800042,2,7200,admin,2022-04-30,EN,7200-01,500,2022-05-01,167801,Credit Card Manual,2022-04-30,FPD,PAYMENT,FPD
1532581,800043,2,7200,admin,2022-04-30,EN,7200-01,75,2022-05-02,167802,Credit Card Manual,2022-04-30,HPD,PAYMENT,HPD
1532582,800044,2,MAIMM1_2022 Immigration Unbillable,admin,2022-04-30,EN,MAIMM1,150,2022-05-03,167803,Credit Card Manual,2022-04-30,FPD,PAYMENT,FPD
1532583,800045,2,9090,admin,2022-04-30,EN,9090-213,500,2022-05-04,167804,Credit Card Manual,2022-04-30,FPD,PAYMENT,FPD
1532584,800046,2,9069,admin,2022-04-30,EN,9069-221,765,2022-05-05,167805,Credit Card Manual,2022-04-30,FPD,PAYMENT,FPD
1532585,800047,2,9421,admin,2022-04-30,EN,9421-221,875,2022-05-06,167806,Credit Card Manual,2022-04-30,FPD,PAYMENT,FPD
1532586,800048,2,CODIMM1_2022 Immigration Unbillable,admin,2022-04-30,EN,CODIMM1,350,2022-05-07,168286,Cash,2022-04-30,FPD,PAYMENT,FPD
1532587,800049,1,50952,admin,2022-04-30,EN,50952-181,20000,2022-04-30,169693,Check,2022-04-30,N,PAYMENT,N
1532588,800050,2,7009,admin,2022-04-30,EN,7009-223,2500,2022-04-30,167647,N,2022-04-30,FPD,PAYMENT,FPD
1532589,800051,2,7009,admin,2022-04-30,EN,7009-223,250,2022-04-30,167648,Check,2022-04-30,HPD,PAYMENT,HPD
1532590,800052,2,7009,admin,2022-06-20,EN,7009-221,2500,2022-06-20,167649,Check,2022-06-20,FPD,PAYMENT,FPD
1532591,800053,2,7009,admin,2022-06-20,EN,7009-221,250,2022-06-20,167650,Check,2022-06-20,HPD,PAYMENT,HPD
1532592,800054,2,10060,admin,2022-06-20,EN,10060-01,2000,2022-06-20,167776,Credit Card Manual,2022-06-20,FPD,PAYMENT,FPD
1532593,800055,2,10060,admin,2022-06-20,EN,10060-01,100,2022-06-20,167777,Credit Card Manual,2022-06-20,HPD,PAYMENT,HPD
1532594,800056,2,8641,admin,2022-06-20,EN,"8641-222_Hernandez Rodriguez, Mercedes",445,2022-06-20,167778,Credit Card Manual,2022-06-20,HPD,PAYMENT,HPD
1532595,800057,2,8641,admin,2022-06-20,EN,"8641-221_Hernandez Rodriguez, Mercedes",325,2022-06-21,167779,Credit Card Manual,2022-06-20,HPD,PAYMENT,HPD
1532596,800058,2,8641,admin,2022-06-20,EN,"8641-223_Hernandez Rodriguez, Mercedes",325,2022-06-22,167780,Credit Card Manual,2022-06-20,HPD,PAYMENT,HPD
1532597,800059,2,8646,admin,2022-06-20,EN,8646-192_Armando Cadena Vazquez,750,2022-06-23,167781,Credit Card Manual,2022-06-20,FPD,PAYMENT,FPD
1532598,800060,2,8646,admin,2022-06-20,EN,8646-192_Armando Cadena Vazquez,112.5,2022-06-24,167782,Credit Card Manual,2022-06-20,HPD,PAYMENT,HPD
1532599,800061,2,2986,admin,2022-06-20,EN,2986-225,2500,2022-06-25,167783,Credit Card Manual,2022-06-20,FPD,PAYMENT,FPD
1532600,800062,2,2986,admin,2022-06-20,EN,2986-225,375,2022-06-26,167784,Credit Card Manual,2022-06-20,HPD,PAYMENT,HPD
1532601,800063,2,SDMIMM1_2022 Immigration Unbillable,admin,2022-06-20,EN,SDMIMM1,350,2022-06-20,167785,Credit Card Manual,2022-06-20,FPD,PAYMENT,FPD
1532602,800064,2,9073,admin,2022-06-20,EN,9073-213,445,2022-06-20,167786,Credit Card Manual,2022-06-20,HPD,PAYMENT,HPD
1532603,800065,2,8676,admin,2022-06-20,EN,8676-221,500,2022-06-20,167787,Credit Card Manual,2022-06-20,FPD,PAYMENT,FPD
1532604,800066,2,9029,admin,2022-06-20,EN,9029-212,150,2022-06-20,167788,Credit Card Manual,2022-06-20,FPD,PAYMENT,FPD
1532605,800067,2,10050,admin,2022-06-20,EN,10050-01_Yeblis C. Soteldo Gomez,1350,2022-06-21,167808,Credit Card Manual,2022-06-20,FPD,PAYMENT,FPD
1532606,800068,2,10050,admin,2022-06-20,EN,10050-01_Yeblis C. Soteldo Gomez,50,2022-06-22,167809,Credit Card Manual,2022-06-20,HPD,PAYMENT,HPD
1532607,800069,2,10050,admin,2022-06-20,EN,10050-02_Yeblis C. Soteldo Gomez,2500,2022-06-23,167810,Credit Card Manual,2022-06-20,FPD,PAYMENT,FPD
1532608,800070,2,10050,admin,2022-06-20,EN,10050-02_Yeblis C. Soteldo Gomez,125,2022-06-24,167811,Credit Card Manual,2022-06-20,HPD,PAYMENT,HPD
1532609,800071,2,10050,admin,2022-06-20,EN,10050-03_Yeblis C. Soteldo Gomez,3000,2022-06-25,167812,Credit Card Manual,2022-06-20,FPD,PAYMENT,FPD
1532610,800072,2,10050,admin,2022-06-20,EN,10050-03_Yeblis C. Soteldo Gomez,125,2022-06-26,167813,Credit Card Manual,2022-06-20,HPD,PAYMENT,HPD
1532611,800073,2,10050,admin,2022-06-20,EN,10050-04_Yeblis C. Soteldo Gomez,2600,2022-06-27,167814,Credit Card Manual,2022-06-20,FPD,PAYMENT,FPD
1532612,800074,2,10050,admin,2022-06-20,EN,10050-04_Yeblis C. Soteldo Gomez,150,2022-06-20,167815,Credit Card Manual,2022-06-20,HPD,PAYMENT,HPD
1532613,800075,2,7105,admin,2022-06-20,EN,7105-202,750,2022-06-20,168046,Credit Card Manual,2022-06-20,FPD,PAYMENT,FPD
1532614,800076,2,7105,admin,2022-06-20,EN,7105-202,112.2,2022-06-20,168047,Credit Card Manual,2022-06-20,HPD,PAYMENT,HPD
1532615,800077,2,9416,admin,2022-06-20,EN,9416-230,1500,2022-06-20,167667,Credit Card Manual,2022-06-20,FPD,PAYMENT,FPD
1532616,800078,2,9416,admin,2022-06-20,EN,9416-230,340,2022-06-20,167668,Credit Card Manual,2022-06-20,HPD,PAYMENT,HPD
1532617,800079,2,9416,admin,2022-06-20,EN,9416-229,1000,2022-06-21,167669,Credit Card Manual,2022-06-20,FPD,PAYMENT,FPD
1532618,800080,2,9416,admin,2022-06-20,EN,9416-229,240,2022-06-22,167670,Credit Card Manual,2022-06-20,HPD,PAYMENT,HPD
1532619,800081,2,9416,admin,2022-06-20,EN,9416-228,1000,2022-06-23,167671,Credit Card Manual,2022-06-20,FPD,PAYMENT,FPD
1532620,800082,2,9416,admin,2022-06-20,EN,9416-228,240,2022-06-24,167672,Credit Card Manual,2022-06-20,HPD,PAYMENT,HPD
1532621,800083,2,9416,admin,2022-06-20,EN,9416-221,2500,2022-06-25,167673,Credit Card Manual,2022-06-20,FPD,PAYMENT,FPD
1532622,800084,2,9416,admin,2022-06-20,EN,9416-221,3710,2022-06-26,167674,Credit Card Manual,2022-06-20,HPD,PAYMENT,HPD
1532623,800085,2,8376,admin,2022-06-20,EN,8376-01,270,2022-06-20,167675,Credit Card Manual,2022-06-20,FPD,PAYMENT,FPD
1532624,800086,2,9267,admin,2022-06-20,EN,9267-222,350,2022-06-20,167677,Credit Card Manual,2022-06-20,FPD,PAYMENT,FPD
1532625,800087,2,9029,admin,2022-06-20,EN,9029-212,100,2022-06-20,167678,Credit Card Manual,2022-06-20,N,PAYMENT,N
1532626,800088,2,9345,admin,2022-06-20,EN,9345-221,1675,2022-06-20,167680,Credit Card Manual,2022-06-20,FPD,PAYMENT,FPD
1532627,800089,2,8508,admin,2022-06-20,EN,8508-221,700,2022-06-20,167685,Credit Card Manual,2022-06-20,FPD,PAYMENT,FPD
1532628,800090,2,CODIMM1_2022 Immigration Unbillable,admin,2022-06-20,EN,CODIMM1,250,2022-06-20,168291,Cash,2022-06-20,FPD,PAYMENT,FPD
1532629,800091,1,5854,admin,2022-06-20,EN,5854-212,575,2022-06-20,168292,Cash,2022-06-20,FPD,PAYMENT,FPD
1532630,800092,2,MAIMM1_2022 Immigration Unbillable,admin,2022-06-20,EN,MAIMM1,250,2022-06-21,167827,Credit Card Manual,2022-06-20,FPD,PAYMENT,FPD
1532631,800093,2,7565,admin,2022-06-20,EN,7565-02,150,2022-06-22,168283,Cash,2022-06-20,FPD,PAYMENT,FPD
1532632,800094,2,7565,admin,2022-06-20,EN,7565-01,862.5,2022-06-23,168284,Cash,2022-06-20,FPD,PAYMENT,FPD
1532633,800095,2,7565,admin,2022-06-20,EN,7565-02,425,2022-06-24,168285,Cash,2022-06-20,FPD,PAYMENT,FPD
1532634,800096,2,10002,admin,2022-06-20,EN,10002-01,1,2022-06-25,167530,Cash,2022-06-20,FEES,PAYMENT,FEES
1532635,800097,2,6835,admin,2022-06-20,EN,6835-221,500,2022-06-26,167616,Credit Card Manual,2022-06-20,FPD,PAYMENT,FPD
1532636,800098,2,6835,admin,2022-06-20,EN,6835-221,500,2022-06-27,167688,Credit Card Manual,2022-06-20,FPD,PAYMENT,FPD
1532637,800099,2,6835,admin,2022-06-20,EN,6835-221,500,2022-06-20,167817,Credit Card Manual,2022-06-20,FPD,PAYMENT,FPD
1532638,800100,2,MAIMM1_2022 Immigration Unbillable,admin,2022-06-20,EN,MAIMM1,150,2022-06-20,167818,Credit Card Manual,2022-06-20,FPD,PAYMENT,FPD
1532639,800101,2,SDMIMM1_2022 Immigration Unbillable,admin,2022-06-20,EN,SDMIMM1,450,2022-06-20,168039,Credit Card Manual,2022-06-20,FPD,PAYMENT,FPD
1532640,800102,2,MAIMM1_2022 Immigration Unbillable,admin,2022-06-20,EN,MAIMM1,250,2022-06-20,168281,Cash,2022-06-20,FPD,PAYMENT,FPD
1532641,800103,2,3951,admin,2022-06-20,EN,3951-202,862.5,2022-06-20,168282,Cash,2022-06-20,FPD,PAYMENT,FPD
1532642,800104,2,6224,admin,2022-06-20,EN,6224-202,862.5,2022-06-20,168405,Cash,2022-06-20,FPD,PAYMENT,FPD
1532643,800105,2,SDMIMM1_2022 Immigration Unbillable,admin,2022-06-20,EN,SDMIMM1,450,2022-06-21,168411,Cash,2022-06-20,FPD,PAYMENT,FPD
1532644,800106,2,9324,admin,2022-06-20,EN,9324-221,458,2022-06-22,168413,Credit Card Manual,2022-06-20,FPD,PAYMENT,FPD
1532645,800107,1,53961,admin,2022-06-20,EN,53961-01,390,2022-06-23,168568,Credit Card Manual,2022-06-20,FPD,PAYMENT,FPD
1532646,800108,1,500010,admin,2022-06-20,EN,500010-01,5000,2022-06-24,167618,Credit Card Manual,2022-06-20,RET,PAYMENT,RET
1532647,800109,2,2940,admin,2022-06-20,EN,2940-222_Ian Robertson,1000,2022-06-25,167822,Credit Card Manual,2022-06-20,FPD,PAYMENT,FPD
1532648,800110,2,2940,admin,2022-06-20,EN,2940-222_Ian Robertson,302.5,2022-06-26,167823,Credit Card Manual,2022-06-20,HPD,PAYMENT,HPD
1532649,800111,2,2940,admin,2022-06-20,EN,2940-223_Ian Robertson,612.5,2022-06-27,167824,Credit Card Manual,2022-06-20,FPD,PAYMENT,FPD
1532650,800112,2,2940,admin,2022-06-20,EN,2940-223_Ian Robertson,190,2022-06-20,167825,Credit Card Manual,2022-06-20,HPD,PAYMENT,HPD
1532651,800113,2,10079,admin,2022-06-20,EN,10079-01,500,2022-06-20,168026,Credit Card Manual,2022-06-20,FPD,PAYMENT,FPD
1532652,800114,2,10079,admin,2022-06-20,EN,10079-01,75,2022-06-20,168027,Credit Card Manual,2022-06-20,HPD,PAYMENT,HPD
1532653,800115,2,10079,admin,2022-06-20,EN,10079-02,500,2022-06-20,168028,Credit Card Manual,2022-06-20,FPD,PAYMENT,FPD
1532654,800116,2,10079,admin,2022-06-20,EN,10079-02,75,2022-06-20,168029,Credit Card Manual,2022-06-20,HPD,PAYMENT,HPD
1532655,800117,2,10079,admin,2022-06-20,EN,10079-03,1250,2022-06-20,168030,Credit Card Manual,2022-06-20,FPD,PAYMENT,FPD
1532656,800118,2,10079,admin,2022-06-20,EN,10079-03,600,2022-06-20,168031,Credit Card Manual,2022-06-20,HPD,PAYMENT,HPD
1532657,800119,2,9211,admin,2022-06-20,EN,9211-221,1250,2022-06-21,168033,Credit Card Manual,2022-06-20,FPD,PAYMENT,FPD
1532658,800120,2,9211,admin,2022-06-20,EN,9211-221,3210,2022-06-22,168034,Credit Card Manual,2022-06-20,HPD,PAYMENT,HPD
1532659,800121,2,8031,admin,2022-06-20,EN,8031-191,445,2022-06-23,167753,Credit Card Manual,2022-06-20,HPD,PAYMENT,HPD
1532660,800122,2,9055,admin,2022-06-20,EN,9055-211,1075,2022-06-24,168050,Check,2022-06-20,FPD,PAYMENT,FPD
1532661,800123,2,9055,admin,2022-06-20,EN,9055-211,595,2022-06-25,168051,N,2022-06-20,FPD,PAYMENT,FPD
1532662,800124,2,9055,admin,2022-06-20,EN,9055-211,682.5,2022-06-26,168052,Check,2022-06-20,FPD,PAYMENT,FPD
1532663,800125,2,9425,admin,2022-06-20,EN,9425-221,1980,2022-06-27,168053,Check,2022-06-20,FPD,PAYMENT,FPD
1532664,800126,2,9425,admin,2022-06-20,EN,9425-221,3460,2022-06-28,168054,Check,2022-06-20,HPD,PAYMENT,HPD
1532665,800127,2,9355,admin,2022-06-20,EN,9355-221,1980,2022-06-29,168055,Check,2022-06-20,FPD,PAYMENT,FPD
1532666,800128,2,9355,admin,2022-06-20,EN,9355-221,3420,2022-06-30,168056,Check,2022-06-20,HPD,PAYMENT,HPD
1532667,800129,2,9355,admin,2022-06-20,EN,9355-222,577.5,2022-07-01,168057,Check,2022-06-20,FPD,PAYMENT,FPD
1532668,800130,2,6876,admin,2022-06-20,EN,6876-01,585,2022-07-02,168107,N,2022-06-20,FPD,PAYMENT,FPD
1532669,800131,1,51043,admin,2022-06-20,EN,51043-02,75,2022-07-03,168168,Check,2022-06-20,39346,PAYMENT,39346
1532670,800132,1,50933,admin,2022-06-20,EN,50933-04,1183.5,2022-06-20,168169,Check,2022-06-20,435080,PAYMENT,435080
1532671,800133,1,52907,admin,2022-06-20,EN,52907-02,333.2,2022-06-20,168170,Check,2022-06-20,8847353,PAYMENT,8847353
1532672,800134,1,50866,admin,2022-06-20,EN,50866-04,297.5,2022-06-20,168171,Check,2022-06-20,74297,PAYMENT,74297
1532673,800135,2,9296,admin,2022-06-20,EN,9296-221,75.47,2022-06-20,168213,Credit Card Manual,2022-06-20,HPD,PAYMENT,HPD
1532674,800136,2,9067,admin,2022-06-20,EN,9067-211,292.5,2022-06-20,168214,Check,2022-06-20,FPD,PAYMENT,FPD
1532675,800137,2,9372,admin,2022-06-20,EN,9372-221,2500,2022-06-20,168215,Check,2022-06-20,FPD,PAYMENT,FPD
1532676,800138,2,9296,admin,2022-06-20,EN,9296-221,38.29,2022-06-20,168216,Check,2022-06-20,HPD,PAYMENT,HPD
1532677,800139,2,9355,admin,2022-06-20,EN,9355-222,577.5,2022-06-20,168217,Check,2022-06-20,FPD,PAYMENT,FPD
1532678,800140,2,9055,admin,2022-06-20,EN,9055-211,682.5,2022-06-20,168218,Check,2022-06-20,FPD,PAYMENT,FPD
1532679,800141,2,9355,admin,2022-06-20,EN,9355-221,1980,2022-06-21,168219,Check,2022-06-20,FPD,PAYMENT,FPD
1532680,800142,2,9355,admin,2022-06-20,EN,9355-221,3460,2022-06-22,168220,Check,2022-06-20,HPD,PAYMENT,HPD
1532681,800143,2,9425,admin,2022-06-20,EN,9425-221,1980,2022-06-23,168221,Check,2022-06-20,FPD,PAYMENT,FPD
1532682,800144,2,9425,admin,2022-06-20,EN,9425-221,3460,2022-06-24,168222,Check,2022-06-20,HPD,PAYMENT,HPD
1532683,800145,2,CODIMM1_2022 Immigration Unbillable,admin,2022-06-20,EN,CODIMM1,250,2022-06-25,168294,Cash,2022-06-20,FPD,PAYMENT,FPD
1532684,800146,2,9241,admin,2022-06-20,EN,9241-211,450,2022-06-26,169239,Wire Transfer,2022-06-20,N,PAYMENT,N
1532685,800147,2,CODIMM1_2022 Immigration Unbillable,admin,2022-06-20,EN,CODIMM1,350,2022-06-27,167820,Credit Card Manual,2022-06-20,CON,PAYMENT,CON
1532686,800148,1,53981,admin,2022-06-20,EN,53981-01,4000,2022-06-20,167683,MasterCard,2022-06-20,N,PAYMENT,N
1532687,800149,1,500008,admin,2022-06-20,EN,500008-01,7500,2022-06-20,167690,American Express,2022-06-20,RET,PAYMENT,RET
1532688,800150,1,500013,admin,2022-06-20,EN,500013-01,1500,2022-06-20,167959,Visa,2022-06-20,RECON,PAYMENT,RECON
1532689,800151,2,MAIMM1_2022 Immigration Unbillable,admin,2022-06-20,EN,MAIMM1,150,2022-06-20,167960,Visa,2022-06-20,RECON,PAYMENT,RECON
1532690,800152,2,3731,admin,2022-06-20,EN,3731-202,750,2022-06-20,167990,Check,2022-06-20,FPD,PAYMENT,FPD
1532691,800153,2,9378,admin,2022-06-20,EN,9378-222,1000,2022-06-20,168301,Cash,2022-06-20,FPD,PAYMENT,FPD
1532692,800154,2,7340,admin,2022-06-20,EN,7340-222,575,2022-06-20,168302,Cash,2022-06-20,FPD,PAYMENT,FPD
1532693,800155,2,MAIMM1_2022 Immigration Unbillable,admin,2022-06-20,EN,MAIMM1,150,2022-06-20,167991,Visa,2022-06-20,RECON,PAYMENT,RECON
1532694,800156,2,SDMIMM1_2022 Immigration Unbillable,admin,2022-06-20,EN,SDMIMM1,350,2022-06-21,168126,American Express,2022-06-20,RECON,PAYMENT,RECON
1532695,800157,1,5624,admin,2022-06-20,EN,5624-202,862.5,2022-06-22,168295,Cash,2022-06-20,FPD,PAYMENT,FPD
1532696,800158,2,9030,admin,2022-06-20,EN,9030-212,233.34,2022-06-23,167963,Credit Card Manual,2022-06-20,FPD,PAYMENT,FPD
1532697,800159,2,7553,admin,2022-06-20,EN,7553-222,2500,2022-06-24,167965,Credit Card Manual,2022-06-20,FPD,PAYMENT,FPD
1532698,800160,2,10025,admin,2022-06-20,EN,10025-03,862.5,2022-06-25,168119,Visa,2022-06-20,RECON,PAYMENT,RECON
1532699,800161,2,MAIMM1_2022 Immigration Unbillable,admin,2022-06-20,EN,MAIMM1,250,2022-06-26,168120,Visa,2022-06-20,RECON,PAYMENT,RECON
1532700,800162,2,10093,admin,2022-06-20,EN,10093-01,2525,2022-06-27,168121,American Express,2022-06-20,RECON,PAYMENT,RECON
1532701,800163,2,9431,admin,2022-06-20,EN,9431-222,225,2022-06-20,168200,MasterCard,2022-06-20,RECON,PAYMENT,RECON
1532702,800164,1,51142,admin,2022-06-20,EN,51142-03,59429.63,2022-06-20,168343,Check,2022-06-20,1089,PAYMENT,1089
1532703,800165,1,50952,admin,2022-06-20,EN,50952-173,5565,2022-06-20,168344,Check,2022-06-20,1089,PAYMENT,1089
1532704,800166,1,51142,admin,2022-06-20,EN,51142-45,5242.5,2022-06-20,168345,Check,2022-06-20,1089,PAYMENT,1089
1532705,800167,1,51142,admin,2022-06-20,EN,51142-38,32.5,2022-06-20,168346,Check,2022-06-20,1089,PAYMENT,1089
1532706,800168,1,51142,admin,2022-06-20,EN,51142-02,17706.86,2022-06-20,168347,Check,2022-06-20,1277,PAYMENT,1277
1532707,800169,1,50952,admin,2022-06-20,EN,50952-179,70,2022-06-20,168348,Check,2022-06-20,1018,PAYMENT,1018
1532708,800170,1,51005,admin,2022-06-20,EN,51005-01,47275,2022-06-20,168349,Check,2022-06-20,4854,PAYMENT,4854
1532709,800171,1,50952,admin,2022-06-20,EN,50952-24,6065,2022-06-20,168350,Check,2022-06-20,4854,PAYMENT,4854
1532710,800172,1,50952,admin,2022-06-20,EN,50952-147,9280,2022-06-20,168351,Check,2022-06-20,19768,PAYMENT,19768
1532711,800173,1,50952,admin,2022-06-20,EN,50952-78,1965,2022-06-20,168352,Check,2022-06-20,4851,PAYMENT,4851
1532712,800174,1,50952,admin,2022-06-20,EN,50952-149,85,2022-06-20,168353,Check,2022-06-20,17167,PAYMENT,17167
1532713,800175,1,50952,admin,2022-06-21,EN,50952-169,615,2022-06-21,168354,Check,2022-06-21,4851,PAYMENT,4851
1532714,800176,1,51142,admin,2022-06-21,EN,51142-04,630,2022-06-21,168355,Check,2022-06-21,4851,PAYMENT,4851
1532715,800177,1,50952,admin,2022-06-21,EN,50952-177,112.5,2022-06-21,168356,Check,2022-06-21,4082,PAYMENT,4082
1532716,800178,1,51142,admin,2022-06-21,EN,51142-44,405,2022-06-21,168357,Check,2022-06-21,17128,PAYMENT,17128
1532717,800179,1,50952,admin,2022-06-21,EN,50952-161,112.5,2022-06-21,168358,Check,2022-06-21,34049,PAYMENT,34049
1532718,800180,1,50952,admin,2022-06-21,EN,50952-175,495,2022-06-21,168359,Check,2022-06-21,1769,PAYMENT,1769
1532719,800181,1,50589,admin,2022-06-21,EN,50589-27,480,2022-06-22,168360,Check,2022-06-21,61610,PAYMENT,61610
1532720,800182,1,50589,admin,2022-06-21,EN,50589-01,682.5,2022-06-23,168361,Check,2022-06-21,61610,PAYMENT,61610
1532721,800183,1,50952,admin,2022-06-21,EN,50952-24,6080,2022-06-24,168362,Check,2022-06-21,4855,PAYMENT,4855
1532722,800184,1,51005,admin,2022-06-21,EN,51005-02,4732.5,2022-06-25,168440,Check,2022-06-21,4851,PAYMENT,4851
1532723,800185,1,51142,admin,2022-06-21,EN,51124-05,347.5,2022-06-26,168441,Check,2022-06-21,17128,PAYMENT,17128
1532724,800186,2,9389,admin,2022-06-21,EN,9389-221,666,2022-06-27,168481,Cash,2022-06-21,FPD,PAYMENT,FPD
1532725,800187,2,9324,admin,2022-06-21,EN,9324-221,458,2022-06-28,168613,Credit Card Manual,2022-06-21,FPD,PAYMENT,FPD
1532726,800188,1,52655,admin,2022-06-21,EN,52655-01,75692.87,2022-06-21,168623,Check,2022-06-21,100122119,PAYMENT,100122119
1532727,800189,1,500012,admin,2022-06-21,EN,500012-01,2500,2022-06-21,167994,Visa,2022-06-21,RECON,PAYMENT,RECON
1532728,800190,2,10078,admin,2022-06-21,EN,10078-01_Maria De La Paz Martinez,445,2022-06-21,167832,Visa,2022-06-21,N,PAYMENT,N
1532729,800191,1,500014,admin,2022-06-21,EN,500014-01,5000,2022-06-21,167848,American Express,2022-06-21,RECON,PAYMENT,RECON
1532730,800192,2,10097,admin,2022-06-21,EN,10097-02,3050,2022-06-21,168125,Visa,2022-06-21,RECON,PAYMENT,RECON
1532731,800193,2,SDMIMM1_2022 Immigration Unbillable,admin,2022-06-21,EN,SDMIMM1,600,2022-06-21,168240,Credit Card Manual,2022-06-21,FPD,PAYMENT,FPD
1532732,800194,2,10098,admin,2022-06-21,EN,10098-02,2500,2022-06-21,168242,Credit Card Manual,2022-06-21,FPD,PAYMENT,FPD
1532733,800195,2,10098,admin,2022-06-21,EN,10098-02,375,2022-06-21,168243,Credit Card Manual,2022-06-21,HPD,PAYMENT,HPD
1532734,800196,2,8605,admin,2022-06-21,EN,8605-191,575,2022-06-22,168298,Cash,2022-06-21,FPD,PAYMENT,FPD
1532735,800197,2,9254,admin,2022-06-21,EN,9254-212,1294,2022-06-23,168581,Visa,2022-06-21,RECON,PAYMENT,RECON
1532736,800198,2,9254,admin,2022-06-21,EN,9254-01,1293.75,2022-06-24,168584,Credit Card Manual,2022-06-21,FPD,PAYMENT,FPD
1532737,800199,2,9254,admin,2022-06-21,EN,9254,862.5,2022-06-25,168585,Credit Card Manual,2022-06-21,FPD,PAYMENT,FPD
1532738,800200,2,CODIMM1_2022 Immigration Unbillable,admin,2022-06-21,EN,CODIMM1,250,2022-06-26,168122,Visa,2022-06-21,RECON,PAYMENT,RECON
1532739,800201,2,CODIMM1_2022 Immigration Unbillable,admin,2022-06-21,EN,CODIMM1,250,2022-06-27,168296,Cash,2022-06-21,FPD,PAYMENT,FPD
1532740,800202,2,CODIMM1_2022 Immigration Unbillable,admin,2022-06-21,EN,CODIMM1,250,2022-06-28,168297,Cash,2022-06-21,FPD,PAYMENT,FPD
1532741,800203,2,7553,admin,2022-06-21,EN,7553-222_Sarath B. Garre,125,2022-06-29,167966,Credit Card Manual,2022-06-21,HPD,PAYMENT,HPD
1532742,800204,2,7553,admin,2022-06-21,EN,7553-223_Sarath B. Garre,2000,2022-06-21,167968,Credit Card Manual,2022-06-21,FPD,PAYMENT,FPD
1532743,800205,2,7553,admin,2022-06-21,EN,7553-223_Sarath B. Garre,125,2022-06-21,167969,Credit Card Manual,2022-06-21,HPD,PAYMENT,HPD
1532744,800206,2,7553,admin,2022-06-21,EN,7553-224_Sarath B. Garre,2500,2022-06-21,167970,Credit Card Manual,2022-06-21,FPD,PAYMENT,FPD
1532745,800207,2,7553,admin,2022-06-21,EN,7553-224_Sarath B. Garre,250,2022-06-21,167971,Credit Card Manual,2022-06-21,HPD,PAYMENT,HPD
1532746,800208,2,10005,admin,2022-06-21,EN,10005-01,3000,2022-06-21,167973,Credit Card Manual,2022-06-21,FPD,PAYMENT,FPD
1532747,800209,2,10005,admin,2022-06-21,EN,10005-01,5210,2022-06-21,167974,Wire Transfer,2022-06-21,HPD,PAYMENT,HPD
1532748,800210,2,9106,admin,2022-06-21,EN,9106-221,2572,2022-06-21,167975,Wire Transfer,2022-06-21,HPD,PAYMENT,HPD
1532749,800211,2,9105,admin,2022-06-21,EN,9105-212,52.5,2022-06-21,167976,Wire Transfer,2022-06-21,FPD,PAYMENT,FPD
1532750,800212,2,9105,admin,2022-06-21,EN,9105-215,60,2022-06-21,167977,Wire Transfer,2022-06-21,FPD,PAYMENT,FPD
1532751,800213,2,9086,admin,2022-06-21,EN,9086-211,990,2022-06-21,167978,N,2022-06-21,FPD,PAYMENT,FPD
1532752,800214,2,9377,admin,2022-06-21,EN,9377-221,22.5,2022-06-21,167980,Wire Transfer,2022-06-21,FPD,PAYMENT,FPD
1532753,800215,2,9111,admin,2022-06-21,EN,9111-212,500,2022-06-21,167981,Wire Transfer,2022-06-21,FPD,PAYMENT,FPD
1532754,800216,2,9173,admin,2022-06-21,EN,9173-212,2572,2022-06-22,167982,Wire Transfer,2022-06-21,HPD,PAYMENT,HPD
1532755,800217,2,9133,admin,2022-06-21,EN,9133-212,2572,2022-06-23,167983,Wire Transfer,2022-06-21,HPD,PAYMENT,HPD
1532756,800218,2,9086,admin,2022-06-21,EN,9086-211,1476.25,2022-06-24,167984,N,2022-06-21,FPD,PAYMENT,FPD
1532757,800219,2,9086,admin,2022-06-21,EN,9086-211,1181.25,2022-06-25,167985,N,2022-06-21,FPD,PAYMENT,FPD
1532758,800220,2,9086,admin,2022-06-21,EN,9086-211,450,2022-06-26,167986,N,2022-06-21,FPD,PAYMENT,FPD
1532759,800221,2,9086,admin,2022-06-21,EN,9086-211,1110,2022-06-27,167987,N,2022-06-21,FPD,PAYMENT,FPD
1532760,800222,2,9133,admin,2022-06-21,EN,9133-211,210,2022-06-28,167988,N,2022-06-21,FPD,PAYMENT,FPD
1532761,800223,2,9131,admin,2022-06-21,EN,9131-212,500,2022-06-21,167989,Wire Transfer,2022-06-21,FPD,PAYMENT,FPD
1532762,800224,2,MAIMM1_2022 Immigration Unbillable,admin,2022-06-21,EN,MAIMM1,150,2022-06-21,168127,Visa,2022-06-21,RECON,PAYMENT,RECON
1532763,800225,2,3649,admin,2022-06-21,EN,3649-212_Yesenia Chapa,50,2022-06-21,168128,MasterCard,2022-06-21,RECON,PAYMENT,RECON
1532764,800226,1,50089,admin,2022-06-21,EN,50089-01,820,2022-06-21,168145,Check,2022-06-21,3843,PAYMENT,3843
1532765,800227,1,52030,admin,2022-06-21,EN,52030-03,115,2022-06-21,168155,Check,2022-06-21,15243,PAYMENT,15243
1532766,800228,1,54012,admin,2022-06-21,EN,54012-01,35,2022-06-21,168156,Check,2022-06-21,631174,PAYMENT,631174
1532767,800229,1,53995,admin,2022-06-21,EN,53995-01,2459,2022-06-21,168157,Check,2022-06-21,3003247,PAYMENT,3003247
1532768,800230,2,10108,admin,2022-06-21,EN,10108-01,500,2022-06-21,168158,Check,2022-06-21,FPD,PAYMENT,FPD
1532769,800231,1,53002,admin,2022-06-21,EN,53002-02,2916,2022-06-21,168160,Check,2022-06-21,1000356976,PAYMENT,1000356976
1532770,800232,2,4078,admin,2022-06-21,EN,4078-204,750,2022-06-22,168237,Credit Card Manual,2022-06-21,FPD,PAYMENT,FPD
1532771,800233,2,4078,admin,2022-06-21,EN,4078,112.5,2022-06-23,168238,Credit Card Manual,2022-06-21,HPD,PAYMENT,HPD
1532772,800234,1,51142,admin,2022-06-21,EN,51142-40,13022.3,2022-06-24,168470,Check,2022-06-21,1774,PAYMENT,1774
1532773,800235,2,10099,admin,2022-06-21,EN,10099-03,1855,2022-06-25,167934,MasterCard,2022-06-21,RECON,PAYMENT,RECON
1532774,800236,2,6090,admin,2022-06-21,EN,6090-202,862.5,2022-06-26,168131,Visa,2022-06-21,RECON,PAYMENT,RECON
1532775,800237,2,MAIMM1_2022 Immigration Unbillable,admin,2022-06-21,EN,MAIMM1,250,2022-06-27,168132,MasterCard,2022-06-21,RECON,PAYMENT,RECON
1532776,800238,2,10101,admin,2022-06-21,EN,10101-01,1150,2022-06-21,168133,MasterCard,2022-06-21,RECON,PAYMENT,RECON
1532777,800239,1,53038,admin,2022-06-21,EN,53038-01,3877,2022-06-21,168144,Wire Transfer,2022-06-21,FPD,PAYMENT,FPD
1532778,800240,2,6805,admin,2022-06-21,EN,6805-202,862.5,2022-06-21,168303,Cash,2022-06-21,FPD,PAYMENT,FPD
1532779,800241,2,MAIMM1_2022 Immigration Unbillable,admin,2022-06-21,EN,MAIMM1,100,2022-06-21,167928,Cash,2022-06-21,N,PAYMENT,N
1532780,800242,2,7215,admin,2022-06-21,EN,7215-212,110,2022-06-21,167929,Cash,2022-06-21,Jose Ramirez Garcia,PAYMENT,Jose Ramirez Garcia
1532781,800243,2,8525,admin,2022-06-21,EN,8525-212,2000,2022-06-21,167932,Cash,2022-06-21,FPD,PAYMENT,FPD
1532782,800244,2,6608,admin,2022-06-21,EN,6608-202,862.5,2022-06-21,168137,Discover,2022-06-21,RECON,PAYMENT,RECON
1532783,800245,2,8212,admin,2022-06-21,EN,8212-01,445,2022-06-22,168138,Visa,2022-06-21,RECON,PAYMENT,RECON
1532784,800246,2,CODIMM1_2022 Immigration Unbillable,admin,2022-06-21,EN,CODIMM1,250,2022-06-23,168139,Visa,2022-06-21,RECON,PAYMENT,RECON
1532785,800247,1,5092,admin,2022-06-21,EN,5092-202,912.5,2022-06-24,168140,Visa,2022-06-21,RECON,PAYMENT,RECON
1532786,800248,2,3773,admin,2022-06-21,EN,3773-202,862.5,2022-06-25,168141,Visa,2022-06-21,RECON,PAYMENT,RECON
1532787,800249,1,50822,admin,2022-06-21,EN,50822-39,1504.5,2022-06-26,168161,Wire Transfer,2022-06-21,N,PAYMENT,N
1532788,800250,1,50822,admin,2022-06-21,EN,50822-24,3268,2022-06-27,168162,Wire Transfer,2022-06-21,N,PAYMENT,N
1532789,800251,1,50822,admin,2022-06-21,EN,50822-36,2819,2022-06-28,168163,Wire Transfer,2022-06-21,N,PAYMENT,N
1532790,800252,1,50822,admin,2022-06-21,EN,50822-33,2607.5,2022-06-29,168164,Wire Transfer,2022-06-21,N,PAYMENT,N
1532791,800253,1,50822,admin,2022-06-21,EN,50822-35,511,2022-06-21,168165,Wire Transfer,2022-06-21,N,PAYMENT,N
1532792,800254,1,50822,admin,2022-06-21,EN,50822-38,765,2022-06-21,168166,Wire Transfer,2022-06-21,N,PAYMENT,N
1532793,800255,1,50822,admin,2022-06-21,EN,50822-37,1296,2022-06-21,168167,Wire Transfer,2022-06-21,N,PAYMENT,N
1532794,800256,2,8148,admin,2022-06-21,EN,8148-192,1125,2022-06-21,168233,Wire Transfer,2022-06-21,FPD,PAYMENT,FPD
1532795,800257,2,8148,admin,2022-06-21,EN,8148,187.5,2022-06-21,168234,Credit Card Manual,2022-06-21,HPD,PAYMENT,HPD
1532796,800258,2,9278,admin,2022-06-21,EN,9278-223,445,2022-06-21,168235,Credit Card Manual,2022-06-21,HPD,PAYMENT,HPD
1532797,800259,2,MAIMM1_2022 Immigration Unbillable,admin,2022-06-21,EN,MAIMM1,150,2022-06-21,168304,Cash,2022-06-21,FPD,PAYMENT,FPD
1532798,800260,2,8801,admin,2022-06-21,EN,8801-201,900,2022-06-21,167958,Cash,2022-06-21,FPD,PAYMENT,FPD
1532799,800261,2,9304,admin,2022-06-21,EN,"9304-223_Lopez Vidal, Marisol",500,2022-06-21,167997,Cash,2022-06-21,Luis Bolanos Lopez,PAYMENT,Luis Bolanos Lopez
1532800,800262,2,9138,admin,2022-06-21,EN,9138-213,570,2022-06-21,168149,Credit Card Manual,2022-06-21,HPD,PAYMENT,HPD
1532801,800263,2,9138,admin,2022-06-21,EN,9138-213,1830,2022-06-21,168150,Credit Card Manual,2022-06-21,FPD,PAYMENT,FPD
1532802,800264,2,CODIMM1_2022 Immigration Unbillable,admin,2022-06-21,EN,CODIMM1,250,2022-06-21,168151,Visa,2022-06-21,RECON,PAYMENT,RECON
1532803,800265,1,5271,admin,2022-06-21,EN,5271-202,862.5,2022-06-21,168306,Cash,2022-06-21,FPD,PAYMENT,FPD
1532804,800266,1,5271,admin,2022-06-21,EN,5271,862.5,2022-06-21,168307,Cash,2022-06-21,FPD,PAYMENT,FPD
1532805,800267,1,500018,admin,2022-06-21,EN,500018-01,5000,2022-06-21,168391,E-Check,2022-06-21,RECON,PAYMENT,RECON
1532806,800268,2,9096,admin,2022-06-21,EN,9096-213,100,2022-06-22,168617,Credit Card Manual,2022-06-21,FPD,PAYMENT,FPD
1532807,800269,2,7371,admin,2022-06-21,EN,7371-201,715,2022-06-23,168008,Check,2022-06-21,675101586,PAYMENT,675101586
1532808,800270,2,8861,admin,2022-06-21,EN,8861-211,715,2022-06-24,168009,Check,2022-06-21,8005301746,PAYMENT,8005301746
1532809,800271,2,SDMIMM1_2022 Immigration Unbillable,admin,2022-06-21,EN,SDMIMM1,450,2022-06-25,168019,Cash,2022-06-21,FPD,PAYMENT,FPD
1532810,800272,2,7445,admin,2022-06-21,EN,7445-224,500,2022-06-26,168045,Cash,2022-06-21,FPD,PAYMENT,FPD
1532811,800273,2,2656,admin,2022-06-21,EN,2656-191,1215,2022-06-27,168246,Credit Card Manual,2022-06-21,FPD,PAYMENT,FPD
1532812,800274,2,8995,admin,2022-06-21,EN,8995-211,630,2022-06-28,168247,Credit Card Manual,2022-06-21,FPD,PAYMENT,FPD
1532813,800275,2,9217,admin,2022-06-21,EN,9217-221,180,2022-06-29,168417,Wire Transfer,2022-06-21,FPD,PAYMENT,FPD
1532814,800276,2,9429,admin,2022-06-21,EN,9429-222,862.5,2022-06-30,168498,Visa,2022-06-21,RECON,PAYMENT,RECON
1532933,800277,2,9348,admin,2022-06-21,EN,9348-221,275,2022-07-01,168640,Visa,2022-06-21,N,PAYMENT,N
1532934,800278,2,3404,admin,2022-06-21,EN,3404-212,2750,2022-07-02,168707,Visa,2022-06-21,RECON,PAYMENT,RECON
1532935,800279,2,10118,admin,2022-06-21,EN,10118-01,1100,2022-07-03,168708,MasterCard,2022-06-21,RECON,PAYMENT,RECON
1532936,800280,2,3978,admin,2022-06-21,EN,3978-212,2300,2022-07-04,168709,Visa,2022-06-21,RECON,PAYMENT,RECON
1532937,800281,2,8303,admin,2022-06-21,EN,8303-213,350,2022-07-05,168710,MasterCard,2022-06-21,RECON,PAYMENT,RECON
1532938,800282,2,8399,admin,2022-06-21,EN,8399-201,100,2022-06-21,168928,MasterCard,2022-06-21,RECON,PAYMENT,RECON
1532939,800283,2,7542,admin,2022-06-21,EN,7542-213,25,2022-06-21,169291,Credit Card Manual,2022-06-21,HPD,PAYMENT,HPD
1532940,800284,2,SDMIMM1_2022 Immigration Unbillable,admin,2022-06-21,EN,SDMIMM1,575,2022-06-21,168728,N,2022-06-21,FPD,PAYMENT,FPD
1532941,800285,2,SDMIMM1_2022 Immigration Unbillable,admin,2022-06-21,EN,SDMIMM1,350,2022-06-21,168730,Cash,2022-06-21,CON,PAYMENT,CON
1532942,800286,1,500022,admin,2022-06-21,EN,500022-01,350,2022-06-21,168929,MasterCard,2022-06-21,RECON,PAYMENT,RECON
1532943,800287,2,CODIMM1_2022 Immigration Unbillable,admin,2022-06-21,EN,CODIMM1,350,2022-06-21,168930,Visa,2022-06-21,RECON,PAYMENT,RECON
1532944,800288,2,4075,admin,2022-06-21,EN,4075-202,250,2022-06-21,168931,Visa,2022-06-21,RECON,PAYMENT,RECON
1532945,800289,1,53013,admin,2022-06-21,EN,53013-02,862.5,2022-06-21,168932,MasterCard,2022-06-21,RECON,PAYMENT,RECON
1532946,800290,1,53013,admin,2022-06-21,EN,53013-02,3500,2022-06-21,168933,MasterCard,2022-06-21,RECON,PAYMENT,RECON
1532947,800291,1,53961,admin,2022-06-21,EN,53961,3500,2022-06-21,168934,Visa,2022-06-21,RECON,PAYMENT,RECON
1532948,800292,2,9254,admin,2022-06-21,EN,9254-213,97.5,2022-06-22,169316,Credit Card Manual,2022-06-21,173332,PAYMENT,173332
1532949,800293,1,51067,admin,2022-06-21,EN,51067-01,1293.75,2022-06-23,168776,Cash,2022-06-21,Emely Carranza U Vis,PAYMENT,Emely Carranza U Vis
1532950,800294,1,51067,admin,2022-06-21,EN,51067-06,2095,2022-06-24,168924,Visa,2022-06-21,RECON_EINVOICE,PAYMENT,RECON_EINVOICE
1532951,800295,2,10059,admin,2022-06-21,EN,10059-03,75,2022-06-25,168925,Visa,2022-06-21,RECON_EINVOICE,PAYMENT,RECON_EINVOICE
1532952,800296,2,3422,admin,2022-06-21,EN,3422-214,955,2022-06-26,168937,MasterCard,2022-06-21,RECON,PAYMENT,RECON
1532953,800297,2,9254,admin,2022-06-21,EN,9254,575,2022-06-27,168938,Visa,2022-06-21,RECON,PAYMENT,RECON
1532954,800298,2,9254,admin,2022-06-21,EN,9254-01,862.5,2022-06-28,168939,Visa,2022-06-21,RECON,PAYMENT,RECON
1532955,800299,2,10059,admin,2022-07-01,EN,10059-03,1293.75,2022-06-29,168940,Visa,2022-07-01,RECON,PAYMENT,RECON
1532956,800300,2,10059,admin,2022-07-01,EN,10059-03,3420,2022-06-30,168998,Cash,2022-07-01,FPD,PAYMENT,FPD
1532957,800301,2,10059,admin,2022-07-01,EN,10059-04,570,2022-07-01,168999,Cash,2022-07-01,HPD,PAYMENT,HPD
1532958,800302,2,10059,admin,2022-07-01,EN,10059-04,500,2022-07-01,169000,Cash,2022-07-01,FPD,PAYMENT,FPD
1532959,800303,2,10120,admin,2022-07-01,EN,10120-02,75,2022-07-01,169001,Cash,2022-07-01,HPD,PAYMENT,HPD
1532960,800304,2,10120,admin,2022-07-01,EN,10120-02,100,2022-07-01,169002,Cash,2022-07-01,FPD,PAYMENT,FPD
1532961,800305,2,3766,admin,2022-07-01,EN,3766-213,100,2022-07-01,169003,Cash,2022-07-01,FPD,PAYMENT,FPD
1532962,800306,2,9082,admin,2022-07-01,EN,9082-212,862.5,2022-07-01,169004,Visa,2022-07-01,RECON,PAYMENT,RECON
1532963,800307,2,10120,admin,2022-07-01,EN,10120-01,2925,2022-07-01,169141,Visa,2022-07-01,RECON,PAYMENT,RECON
1532964,800308,2,CODIMM1_2022 Immigration Unbillable,admin,2022-07-01,EN,CODIMM1,2962.5,2022-07-01,169142,MasterCard,2022-07-01,RECON,PAYMENT,RECON
1532965,800309,2,Other Customer,admin,2022-07-01,EN,Other Customer,250,2022-07-02,168972,Cash,2022-07-01,CON,PAYMENT,CON
1532966,800310,2,9373,admin,2022-07-01,EN,9373-222,250,2022-07-03,169007,Visa,2022-07-01,RECON,PAYMENT,RECON
1532967,800311,2,6880,admin,2022-07-01,EN,6880-211,4750,2022-07-04,169143,American Express,2022-07-01,RECON,PAYMENT,RECON
1532968,800312,2,10104,admin,2022-07-01,EN,10104-03,200,2022-07-05,169252,MasterCard,2022-07-01,RECON,PAYMENT,RECON
1532969,800313,2,8870,admin,2022-07-01,EN,8870-211,100,2022-07-06,169253,Visa,2022-07-01,RECON,PAYMENT,RECON
1532970,800314,2,10054,admin,2022-07-01,EN,10054-02_Deaglan McClean,1000,2022-07-07,169254,MasterCard,2022-07-01,RECON,PAYMENT,RECON
1532971,800315,2,10054,admin,2022-07-01,EN,10054-02_Deaglan McClean,4500,2022-07-08,169242,Wire Transfer,2022-07-01,N,PAYMENT,N
1532972,800316,2,10054,admin,2022-07-01,EN,10054-03_Deaglan McClean,655,2022-07-01,169243,Wire Transfer,2022-07-01,N,PAYMENT,N
1532973,800317,2,10054,admin,2022-07-01,EN,10054-03_Deaglan McClean,1250,2022-07-01,169244,Wire Transfer,2022-07-01,FPD,PAYMENT,FPD
1532974,800318,2,10122,admin,2022-07-01,EN,10122-01,480,2022-07-01,169245,Wire Transfer,2022-07-01,N,PAYMENT,N
1532975,800319,2,3546,admin,2022-07-01,EN,3546-212,612.5,2022-07-01,169257,Visa,2022-07-01,RECON,PAYMENT,RECON
1532976,800320,1,52657,admin,2022-07-01,EN,52657-15,182.51,2022-07-01,169497,Visa,2022-07-01,RECON,PAYMENT,RECON
1532977,800321,1,52657,admin,2022-07-01,EN,52657-18,8894,2022-07-01,169009,Wire Transfer,2022-07-01,N,PAYMENT,N
1532978,800322,1,52657,admin,2022-07-01,EN,52657-06,1387,2022-07-01,169010,Wire Transfer,2022-07-01,N,PAYMENT,N
1532979,800323,2,9202,admin,2022-07-01,EN,9202-211,20153.5,2022-07-01,169011,Wire Transfer,2022-07-01,N,PAYMENT,N
1532980,800324,1,51076,admin,2022-07-01,EN,51076-01,625,2022-07-01,169018,N,2022-07-01,FPD,PAYMENT,FPD
1532981,800325,1,51142,admin,2022-07-01,EN,51142-45,1925,2022-07-01,169058,Check,2022-07-01,28052,PAYMENT,28052
1532982,800326,1,51142,admin,2022-07-01,EN,51142-38,14805,2022-07-01,169059,Check,2022-07-01,1095,PAYMENT,1095
1532983,800327,1,51142,admin,2022-07-01,EN,51142-03,1040,2022-07-01,169060,Check,2022-07-01,1095,PAYMENT,1095
1532984,800328,1,51142,admin,2022-07-01,EN,51142-02,48241.13,2022-07-01,169061,Check,2022-07-01,1095,PAYMENT,1095
1532985,800329,1,50952,admin,2022-07-01,EN,50952-147,28328.63,2022-07-02,169062,Check,2022-07-01,1284,PAYMENT,1284
1532986,800330,1,50952,admin,2022-07-01,EN,50952-161,8047.5,2022-07-03,169068,Check,2022-07-01,19881,PAYMENT,19881
1532987,800331,1,50952,admin,2022-07-01,EN,50952-177,1500,2022-07-04,169069,Check,2022-07-01,34845,PAYMENT,34845
1532988,800332,1,50589,admin,2022-07-01,EN,50589-27,150,2022-07-05,169071,Check,2022-07-01,4209,PAYMENT,4209
1532989,800333,1,50952,admin,2022-07-01,EN,50952-175,65,2022-07-06,169072,Check,2022-07-01,62287,PAYMENT,62287
1532990,800334,1,51142,admin,2022-07-01,EN,51142-44,390,2022-07-07,169073,Check,2022-07-01,1895,PAYMENT,1895
1532991,800335,1,51142,admin,2022-07-01,EN,51142-30,45,2022-07-08,169074,Check,2022-07-01,17729,PAYMENT,17729
1532992,800336,1,50952,admin,2022-07-01,EN,50952-169,125,2022-07-09,169076,Check,2022-07-01,5260,PAYMENT,5260
1532993,800337,1,50952,admin,2022-07-01,EN,50952-78,405,2022-07-10,169077,Check,2022-07-01,4929,PAYMENT,4929
1532994,800338,1,51142,admin,2022-07-01,EN,51142-04,2700,2022-07-01,169078,Check,2022-07-01,4929,PAYMENT,4929
1532995,800339,1,51005,admin,2022-07-01,EN,51005-01,225,2022-07-01,169079,Check,2022-07-01,4929,PAYMENT,4929
1532996,800340,2,9378,admin,2022-07-01,EN,9378-222,11050.38,2022-07-01,169080,Check,2022-07-01,4929,PAYMENT,4929
1532997,800341,2,10125,admin,2022-07-01,EN,10125-01,600,2022-07-01,169258,Visa,2022-07-01,RECON,PAYMENT,RECON
1532998,800342,2,9366,admin,2022-07-01,EN,9366-222,1925,2022-07-01,169259,Visa,2022-07-01,RECON,PAYMENT,RECON
1532999,800343,2,10121,admin,2022-07-01,EN,10121-01,287.5,2022-07-01,169260,MasterCard,2022-07-01,RECON,PAYMENT,RECON
1533000,800344,2,3388,admin,2022-07-01,EN,3388-212,3700,2022-07-01,169261,Visa,2022-07-01,RECON,PAYMENT,RECON
1533001,800345,2,8458,admin,2022-07-01,EN,8458-192,750,2022-07-01,169265,Visa,2022-07-01,RECON,PAYMENT,RECON
1533002,800346,2,7132,admin,2022-07-01,EN,7132-211,220,2022-07-01,169289,Credit Card Manual,2022-07-01,HPD,PAYMENT,HPD
1533003,800347,2,10124,admin,2022-07-01,EN,10124-01,30,2022-07-01,169140,MasterCard,2022-07-01,RECON_EINVOICE,PAYMENT,RECON_EINVOICE
1533004,800348,2,SDMIMM1_2022 Immigration Unbillable,admin,2022-07-01,EN,SDMIMM1,2850,2022-07-02,169264,Visa,2022-07-01,RECON,PAYMENT,RECON
1533005,800349,2,CODIMM1_2022 Immigration Unbillable,admin,2022-07-01,EN,CODIMM1,350,2022-07-03,169266,Visa,2022-07-01,RECON,PAYMENT,RECON
1533006,800350,2,9394,admin,2022-07-01,EN,9394-222,250,2022-07-04,169267,Visa,2022-07-01,RECON,PAYMENT,RECON
1533007,800351,2,MAIMM1_2022 Immigration Unbillable,admin,2022-07-01,EN,MAIMM1,150,2022-07-05,169268,Visa,2022-07-01,RECON,PAYMENT,RECON
1533008,800352,2,3894,admin,2022-07-01,EN,3894-202,150,2022-07-06,169269,Visa,2022-07-01,RECON,PAYMENT,RECON
1533009,800353,2,CODIMM1_2022 Immigration Unbillable,admin,2022-07-01,EN,CODIMM1,862.5,2022-07-07,169270,Visa,2022-07-01,RECON,PAYMENT,RECON
1533010,800354,2,10127,admin,2022-07-01,EN,10127-01,250,2022-07-08,169119,Cash,2022-07-01,CON,PAYMENT,CON
1533011,800355,2,10127,admin,2022-07-01,EN,10127-01,2600,2022-07-09,169121,N,2022-07-01,FPD,PAYMENT,FPD
1533012,800356,2,10127,admin,2022-07-01,EN,10127-02,110.6,2022-07-10,169123,N,2022-07-01,HPD,PAYMENT,HPD
1533013,800357,2,CODIMM1_2022 Immigration Unbillable,admin,2022-07-01,EN,CODIMM1,2575,2022-07-11,169273,MasterCard,2022-07-01,RECON,PAYMENT,RECON
1533014,800358,1,52657,admin,2022-07-01,EN,52657-17,250,2022-07-01,169274,Visa,2022-07-01,RECON,PAYMENT,RECON
1533015,800359,2,MAIMM1_2022 Immigration Unbillable,admin,2022-07-01,EN,MAIMM1,40651.15,2022-07-01,169476,Wire Transfer,2022-07-01,Wire,PAYMENT,Wire
1533016,800360,1,52652,admin,2022-07-01,EN,52652-02,250,2022-07-01,169149,Cash,2022-07-01,CON,PAYMENT,CON
1533017,800361,2,8663,admin,2022-07-01,EN,8663-211,1032.5,2022-07-01,169181,Check,2022-07-01,65595154,PAYMENT,65595154
1533018,800362,2,7552,admin,2022-07-01,EN,7552-GE1,425,2022-07-01,169211,E-Check,2022-07-01,RECON_EINVOICE,PAYMENT,RECON_EINVOICE
1533019,800363,2,8936,admin,2022-07-01,EN,8936-225,135,2022-07-01,169237,Wire Transfer,2022-07-01,N,PAYMENT,N
1533020,800364,2,8936,admin,2022-07-01,EN,8936-226,1000,2022-07-01,169277,Visa,2022-07-01,RECON,PAYMENT,RECON
1533021,800365,2,8936,admin,2022-07-01,EN,8936-227,1000,2022-07-01,169278,Visa,2022-07-01,RECON,PAYMENT,RECON
1533022,800366,2,8936,admin,2022-07-01,EN,8936-228,1000,2022-07-01,169279,Visa,2022-07-01,RECON,PAYMENT,RECON
1533023,800367,2,CODIMM1_2022 Immigration Unbillable,admin,2022-07-01,EN,CODIMM1,1000,2022-07-01,169280,Visa,2022-07-01,RECON,PAYMENT,RECON
1533024,800368,1,5185,admin,2022-07-01,EN,51851,250,2022-07-02,169281,Visa,2022-07-01,RECON,PAYMENT,RECON
1533025,800369,2,8227,admin,2022-07-01,EN,8227-212,360,2022-07-03,169251,Visa,2022-07-01,RECON_EINVOICE,PAYMENT,RECON_EINVOICE
1533026,800370,2,9241,admin,2022-07-01,EN,9241-211,700,2022-07-04,169284,MasterCard,2022-07-01,RECON,PAYMENT,RECON
1533027,800371,1,53939,admin,2022-07-01,EN,53939-01,855,2022-07-05,169230,Wire Transfer,2022-07-01,FPD,PAYMENT,FPD
1533028,800372,2,6880,admin,2022-07-01,EN,6880-211,722.5,2022-07-06,169233,Check,2022-07-01,1271,PAYMENT,1271
1533029,800373,2,10125,admin,2022-07-01,EN,10125-01,132.84,2022-07-07,169502,MasterCard,2022-07-01,RECON,PAYMENT,RECON
1533030,800374,1,500014,admin,2022-07-01,EN,500014-01,1400,2022-07-08,169503,Visa,2022-07-01,RECON,PAYMENT,RECON
1533031,800375,2,3805,admin,2022-07-01,EN,3805-202,7338.5,2022-07-09,169443,American Express,2022-07-01,RECON,PAYMENT,RECON
1533032,800376,2,SDMIMM1_2022 Immigration Unbillable,admin,2022-07-01,EN,SDMIMM1,862.5,2022-07-01,169506,Visa,2022-07-01,RECON,PAYMENT,RECON
1533033,800377,2,8224,admin,2022-07-01,EN,8224-191,450,2022-07-01,169507,Visa,2022-07-01,RECON,PAYMENT,RECON
1533034,800378,2,10133,admin,2022-07-01,EN,10133-02,445,2022-07-01,169508,MasterCard,2022-07-01,RECON,PAYMENT,RECON
1533035,800379,1,50068,admin,2022-07-01,EN,50068-01,575,2022-07-01,169432,Cash,2022-07-01,FPD,PAYMENT,FPD
1533036,800380,2,8376,admin,2022-07-01,EN,8376-01,1500,2022-07-01,169433,Check,2022-07-01,12470,PAYMENT,12470
1533037,800381,1,500025,admin,2022-07-01,EN,500025-01,45,2022-07-01,169452,Visa,2022-07-01,RECON_EINVOICE,PAYMENT,RECON_EINVOICE
1533038,800382,2,10125,admin,2022-07-01,EN,10125-01,1500,2022-07-01,169453,American Express,2022-07-01,RECON,PAYMENT,RECON
1533039,800383,2,10095,admin,2022-07-01,EN,10095-02,145,2022-07-01,169513,Visa,2022-07-01,RECON,PAYMENT,RECON
1533040,800384,2,10132,admin,2022-07-01,EN,10132-01,3750,2022-07-01,169514,Visa,2022-07-01,RECON,PAYMENT,RECON
1533041,800385,2,MAIMM1_2022 Immigration Unbillable,admin,2022-07-01,EN,MAIMM1,862.5,2022-07-01,169515,Visa,2022-07-01,RECON,PAYMENT,RECON
1533042,800386,2,MAIMM1_2022 Immigration Unbillable,admin,2022-07-01,EN,MAIMM1,150,2022-07-01,169516,Visa,2022-07-01,RECON,PAYMENT,RECON
1533043,800387,2,MAIMM1_2022 Immigration Unbillable,admin,2022-07-01,EN,MAIMM1,150,2022-07-01,169517,Visa,2022-07-01,RECON,PAYMENT,RECON
1533044,800388,2,10071,admin,2022-07-01,EN,10071-02,250,2022-07-01,169518,Visa,2022-07-01,RECON,PAYMENT,RECON
1533045,800389,1,50933,admin,2022-07-01,EN,50933-04,575,2022-07-02,169451,Cash,2022-07-01,FPD,PAYMENT,FPD
1533046,800390,1,52657,admin,2022-07-01,EN,52657-14,170,2022-07-03,169471,Check,2022-07-01,437001,PAYMENT,437001
1533047,800391,1,52657,admin,2022-07-01,EN,52657-08,10389,2022-07-04,169472,Check,2022-07-01,69139,PAYMENT,69139
1533048,800392,2,9049,admin,2022-07-01,EN,9049-213,21227,2022-07-05,169474,Wire Transfer,2022-07-01,N,PAYMENT,N
1533049,800393,1,500010,admin,2022-07-01,EN,500010-01,5530,2022-07-06,169480,Cash,2022-07-01,FPD,PAYMENT,FPD
1533050,800394,2,10134,admin,2022-07-01,EN,10134-01,3572.5,2022-07-07,169549,Visa,2022-07-01,RECON_EINVOICE,PAYMENT,RECON_EINVOICE
1533051,800395,2,10134,admin,2022-07-01,EN,10134-01,862.5,2022-07-08,169550,Visa,2022-07-01,RECON,PAYMENT,RECON
1533052,800396,2,10134,admin,2022-07-01,EN,10134-02,565,2022-07-09,169551,Visa,2022-07-01,RECON,PAYMENT,RECON
1533053,800397,2,CODIMM1_2022 Immigration Unbillable,admin,2022-07-01,EN,CODIMM1,712.5,2022-07-10,169552,Visa,2022-07-01,RECON,PAYMENT,RECON
1533054,800398,1,5220,admin,2022-07-01,EN,5220-04,250,2022-07-11,169553,MasterCard,2022-07-01,RECON,PAYMENT,RECON
1533055,800399,2,10104,admin,2022-07-01,EN,10104-03,287.5,2022-07-12,169554,Visa,2022-07-01,RECON,PAYMENT,RECON
1533056,800400,2,8220,admin,2022-07-01,EN,8220-212,100,2022-07-01,169555,Visa,2022-07-01,RECON,PAYMENT,RECON
1533057,800401,2,8220,admin,2022-07-01,EN,8220-213,2070,2022-07-01,169556,Visa,2022-07-01,RECON,PAYMENT,RECON
1533058,800402,2,9070,admin,2022-07-01,EN,9070-221,2070,2022-07-01,169557,Visa,2022-07-01,RECON,PAYMENT,RECON
1533059,800403,2,7445,admin,2022-07-01,EN,7445-225,445,2022-07-01,169558,Visa,2022-07-01,RECON,PAYMENT,RECON
1533060,800404,2,7445,admin,2022-07-01,EN,7445-224,756.25,2022-07-01,169559,Visa,2022-07-01,RECON,PAYMENT,RECON
1533061,800405,2,Other Customer,admin,2022-07-01,EN,Other Customer,900,2022-07-01,169560,Visa,2022-07-01,RECON,PAYMENT,RECON
1533062,800406,2,8936,admin,2022-07-01,EN,8936-223,350,2022-07-01,169561,Visa,2022-07-01,RECON,PAYMENT,RECON
1533063,800407,2,8936,admin,2022-07-01,EN,8936-224,2500,2022-07-01,169568,Wire Transfer,2022-07-01,FPD,PAYMENT,FPD
1533064,800408,2,8936,admin,2022-07-01,EN,8936-223,2500,2022-07-01,169569,Wire Transfer,2022-07-01,FPD,PAYMENT,FPD
1533065,800409,2,8936,admin,2022-07-01,EN,8936-224,1225,2022-07-01,169570,Wire Transfer,2022-07-01,HPD,PAYMENT,HPD
1533066,800410,2,8936,admin,2022-07-01,EN,8936-225,1225,2022-07-01,169571,Wire Transfer,2022-07-01,HPD,PAYMENT,HPD
1533067,800411,2,8936,admin,2022-07-02,EN,8936-226,1225,2022-07-02,169572,Wire Transfer,2022-07-02,HPD,PAYMENT,HPD
1533068,800412,2,8936,admin,2022-07-02,EN,8936-227,1225,2022-07-02,169573,Wire Transfer,2022-07-02,HPD,PAYMENT,HPD
1533069,800413,2,8936,admin,2022-07-02,EN,8936-228,750,2022-07-02,169574,Wire Transfer,2022-07-02,HPD,PAYMENT,HPD
1533070,800414,2,8747,admin,2022-07-02,EN,8747-203,750,2022-07-03,169575,Wire Transfer,2022-07-02,HPD,PAYMENT,HPD
1533071,800415,2,8747,admin,2022-07-02,EN,8747-202,1300,2022-07-04,169578,Credit Card Manual,2022-07-02,FPD,PAYMENT,FPD
1533072,800416,2,8747,admin,2022-07-02,EN,8747-204,1300,2022-07-05,169579,Credit Card Manual,2022-07-02,FPD,PAYMENT,FPD
1533073,800417,2,8747,admin,2022-07-02,EN,8747-204,975,2022-07-06,169580,Credit Card Manual,2022-07-02,FPD,PAYMENT,FPD
1533074,800418,2,8747,admin,2022-07-02,EN,8747-203,975,2022-07-07,169582,Visa,2022-07-02,RECON,PAYMENT,RECON
1533075,800419,2,8747,admin,2022-07-02,EN,8747-202,1300,2022-07-08,169583,Visa,2022-07-02,RECON,PAYMENT,RECON
1533076,800420,2,8712,admin,2022-07-02,EN,8712,1300,2022-07-09,169584,Visa,2022-07-02,RECON,PAYMENT,RECON
1533077,800421,2,8801,admin,2022-07-02,EN,8801-202,760.13,2022-07-10,169536,Visa,2022-07-02,RBL210166645,PAYMENT,RBL210166645
1533078,800422,2,9033,admin,2022-07-02,EN,9033-213,700,2022-07-11,169535,Cash,2022-07-02,FPD,PAYMENT,FPD
1533079,800423,2,10138,admin,2022-07-02,EN,10138-03,3450,2022-07-12,169537,Check,2022-07-02,6859506963,PAYMENT,6859506963
1533080,800424,1,500026,admin,2022-07-02,EN,500026-01,575,2022-07-02,169545,Cash,2022-07-02,FPD,PAYMENT,FPD
1533081,800425,2,9420,admin,2022-07-02,EN,9420-221,1500,2022-07-02,169581,American Express,2022-07-02,RECON_EINVOICE,PAYMENT,RECON_EINVOICE
1533082,800426,2,9033,admin,2022-07-02,EN,9033-213,1500,2022-07-02,169587,Visa,2022-07-02,RECON,PAYMENT,RECON
1533083,800427,2,3404,admin,2022-07-02,EN,3404-212,445,2022-07-02,169588,Visa,2022-07-02,RECON,PAYMENT,RECON
1533084,800428,1,53981,admin,2022-07-02,EN,53981-01,625,2022-07-02,169589,MasterCard,2022-07-02,RECON,PAYMENT,RECON
1533085,800429,1,50963,admin,2022-07-02,EN,50963-59,3000,2022-07-02,169594,Credit Card Manual,2022-07-02,N,PAYMENT,N
1533086,800430,2,8159,admin,2022-07-02,EN,8159-213,2483,2022-07-02,169606,MasterCard,2022-07-02,N,PAYMENT,N
1533087,800431,2,8159,admin,2022-07-02,EN,8159-213,1000,2022-07-03,169607,N,2022-07-02,FPD,PAYMENT,FPD
1533088,800432,1,500002,admin,2022-07-02,EN,500002-01,368,2022-07-04,169608,N,2022-07-02,HPD,PAYMENT,HPD
1533089,800433,1,51026,admin,2022-07-02,EN,51026-01,1355.5,2022-07-05,169613,Check,2022-07-02,34648,PAYMENT,34648
1533090,800434,1,50659,admin,2022-07-02,EN,50659-01,63,2022-07-06,169614,Check,2022-07-02,2926,PAYMENT,2926
1533091,800435,1,5625,admin,2022-07-02,EN,5625-01,3181.5,2022-07-07,169615,Check,2022-07-02,5817,PAYMENT,5817
1533092,800436,1,5625,admin,2022-07-02,EN,5625-01,1225,2022-07-08,169616,Cash,2022-07-02,HPD,PAYMENT,HPD
1533093,800437,1,54012,admin,2022-07-02,EN,54012-01,25,2022-07-09,169617,Cash,2022-07-02,HPD,PAYMENT,HPD
1533094,800438,1,500024,admin,2022-07-02,EN,500024-01,1725,2022-07-10,169618,Check,2022-07-02,631494,PAYMENT,631494
1533095,800439,1,50798,admin,2022-07-02,EN,50798-01,3000,2022-07-11,169619,Check,2022-07-02,9282,PAYMENT,9282
1533096,800440,2,MAIMM1_2022 Immigration Unbillable,admin,2022-07-02,EN,MAIMM1,2000,2022-07-12,169620,Check,2022-07-02,50007,PAYMENT,50007
1533097,800441,2,Payments on New Clients,admin,2022-07-02,EN,Payments on New Clients,150,2022-07-13,169621,Cash,2022-07-02,CON,PAYMENT,CON
1533098,800442,2,Payments on New Clients,admin,2022-07-02,EN,Payments on New Clients,900,2022-07-14,169700,N,2022-07-02,Pablo Arias,PAYMENT,Pablo Arias
1533099,800443,2,Payments on New Clients,admin,2022-07-02,EN,Payments on New Clients,862.5,2022-07-15,169702,Cash,2022-07-02,Pablo Arias,PAYMENT,Pablo Arias
1533100,800444,2,Payments on New Clients,admin,2022-07-02,EN,Payments on New Clients,250,2022-07-02,169703,Cash,2022-07-02,Juan Fabe -Cheriz,PAYMENT,Juan Fabe -Cheriz
1533101,800445,1,50822,admin,2022-07-02,EN,50822-02,1150,2022-07-02,169705,Cash,2022-07-02,Pablo Arias,PAYMENT,Pablo Arias
1533102,800446,1,50822,admin,2022-07-02,EN,50822-24,50,2022-07-02,169623,Wire Transfer,2022-07-02,N,PAYMENT,N
1533103,800447,1,50822,admin,2022-07-02,EN,50822-28,347.5,2022-07-02,169624,Wire Transfer,2022-07-02,N,PAYMENT,N
1533104,800448,1,50822,admin,2022-07-02,EN,50822-36,3170,2022-07-02,169625,Wire Transfer,2022-07-02,N,PAYMENT,N
1533105,800449,1,50822,admin,2022-07-02,EN,50822-33,7576,2022-07-02,169626,Wire Transfer,2022-07-02,N,PAYMENT,N
1533106,800450,1,50822,admin,2022-07-02,EN,50822-38,239.5,2022-07-02,169627,Wire Transfer,2022-07-02,N,PAYMENT,N
1533107,800451,1,50822,admin,2022-07-02,EN,50822-39,8.5,2022-07-03,169628,Wire Transfer,2022-07-02,N,PAYMENT,N
1533108,800452,2,SDMIMM1_2022 Immigration Unbillable,admin,2022-07-02,EN,SDMIMM1,2335,2022-07-04,169630,Wire Transfer,2022-07-02,N,PAYMENT,N
1533109,800453,2,8915,admin,2022-07-02,EN,8915-203,450,2022-07-05,169752,Cash,2022-07-02,CON,PAYMENT,CON
1533119,800454,2,10137,admin,2022-07-02,EN,10137-01,3815,2022-07-06,169778,Visa,2022-07-02,RECON,PAYMENT,RECON
1533120,800455,2,7399,admin,2022-07-02,EN,7399-213,575,2022-07-07,169781,MasterCard,2022-07-02,RECON,PAYMENT,RECON
1533121,800456,2,3546,admin,2022-07-02,EN,3546-212,575,2022-07-08,169782,Visa,2022-07-02,RECON,PAYMENT,RECON
1533122,800457,2,3651,admin,2022-07-02,EN,3651-212,220,2022-07-09,169783,Visa,2022-07-02,RECON,PAYMENT,RECON
1533123,800458,2,8227,admin,2022-07-02,EN,8227-212,575,2022-07-10,169784,Visa,2022-07-02,RECON,PAYMENT,RECON
1533124,800459,2,9241,admin,2022-07-02,EN,9241-211,1232.5,2022-07-11,169785,MasterCard,2022-07-02,RECON,PAYMENT,RECON
1533125,800460,1,51194,admin,2022-07-02,EN,51194-02,450,2022-07-12,169776,Wire Transfer,2022-07-02,FPD,PAYMENT,FPD
1534782,800461,1,51054,admin,2022-07-02,EN,51054-26,3727,2022-07-13,169798,Check,2022-07-02,12590,PAYMENT,12590
1534783,800462,1,51054,admin,2022-07-02,EN,51054-10,167,2022-07-14,169799,Check,2022-07-02,1000078491,PAYMENT,1000078491
1534784,800463,1,51054,admin,2022-07-03,EN,51054-24,1686,2022-07-15,169800,Check,2022-07-03,1000078491,PAYMENT,1000078491
1534785,800464,1,51054,admin,2022-07-03,EN,51054-32,392.5,2022-07-16,169801,Check,2022-07-03,1000078491,PAYMENT,1000078491
1534786,800465,1,51054,admin,2022-07-03,EN,51054-05,2327,2022-07-17,169802,Check,2022-07-03,1000078491,PAYMENT,1000078491
1534787,800466,1,51054,admin,2022-07-03,EN,51054-20,1060,2022-07-18,169803,Check,2022-07-03,1000078491,PAYMENT,1000078491
1534797,800467,1,53975,admin,2022-07-03,EN,53975-01,48027.03,2022-07-19,169804,Check,2022-07-03,1000078491,PAYMENT,1000078491
1534852,800468,2,10107,admin,2022-07-03,EN,10107-05,610,2022-07-20,169806,Wire Transfer,2022-07-03,INV16763,PAYMENT,INV16763
1534970,800469,2,7275,admin,2022-07-03,EN,7275-202,4700,2022-07-21,168071,Cash,2022-07-03,FPD,PAYMENT,FPD
1534971,800470,2,SDMIMM1_2022 Immigration Unbillable,admin,2022-07-03,EN,SDMIMM1,2500,2022-07-22,168502,MasterCard,2022-07-03,RECON,PAYMENT,RECON
1534972,800471,1,5454,admin,2022-07-03,EN,5454-223,450,2022-07-23,168504,E-Check,2022-07-03,RECON,PAYMENT,RECON
1534973,800472,2,9429,admin,2022-07-03,EN,9429-222,1725,2022-07-24,168589,Visa,2022-07-03,RECON,PAYMENT,RECON
1534974,800473,2,8712,admin,2022-07-03,EN,8712-201,495,2022-07-25,168590,Visa,2022-07-03,RECON,PAYMENT,RECON
1534975,800474,1,50963,admin,2022-07-03,EN,50963-01,760.13,2022-07-26,168591,Visa,2022-07-03,RECON,PAYMENT,RECON
1534976,800475,2,9424,admin,2022-07-03,EN,9424-221,1367.5,2022-07-27,168592,MasterCard,2022-07-03,RECON,PAYMENT,RECON
1534977,800476,2,SDMIMM1_2022 Immigration Unbillable,admin,2022-07-03,EN,SDMIMM1,7060,2022-07-03,168593,MasterCard,2022-07-03,RECON,PAYMENT,RECON
1534978,800477,2,Payments on Existing Clients New Matters,admin,2022-07-03,EN,Payments on Existing Clients New Matters,350,2022-07-03,168619,Credit Card Manual,2022-07-03,FPD,PAYMENT,FPD
1536419,800478,2,10147,admin,2022-07-03,EN,10147-01,862.5,2022-07-03,169822,Cash,2022-07-03,Hector N. Lemus,PAYMENT,Hector N. Lemus
1536861,800479,1,53917,admin,2022-07-03,EN,53917-01,250,2022-07-03,169838,Cash,2022-07-03,N,PAYMENT,N
1536907,800480,1,51194,admin,2022-07-03,EN,51194-02,91000,2022-07-03,169839,Check,2022-07-03,21413,PAYMENT,21413
1536935,800481,1,53002,admin,2022-07-03,EN,53002-02,2900.5,2022-07-03,169841,Check,2022-07-03,12532,PAYMENT,12532
1536936,800482,1,5845,admin,2022-07-03,EN,5845-221,3796.5,2022-07-03,169842,Check,2022-07-03,1000410863,PAYMENT,1000410863
1536946,800483,2,CODIMM1_2022 Immigration Unbillable,admin,2022-07-03,EN,CODIMM1,1225,2022-07-04,169844,Money Order,2022-07-03,HPD,PAYMENT,HPD
1537136,800484,2,10002,admin,2022-07-03,EN,10002-01,125,2022-07-05,168105,Cash,2022-07-03,CON,PAYMENT,CON
1537137,800485,2,10051,admin,2022-07-03,EN,10051-02_Ganga Srinivas Yarramsetti,0,2022-07-06,168136,Credit Card,2022-07-03,N,PAYMENT,N
1537138,800486,2,10051,admin,2022-07-03,EN,10051-02_Ganga Srinivas Yarramsetti,3000,2022-07-07,168227,Wire Transfer,2022-07-03,FPD,PAYMENT,FPD
1537139,800487,2,8936,admin,2022-07-03,EN,8936-201,5210,2022-07-08,168228,Wire Transfer,2022-07-03,HPD,PAYMENT,HPD
1537140,800488,2,8936,admin,2022-07-03,EN,8936-201,2500,2022-07-09,168230,Wire Transfer,2022-07-03,FPD,PAYMENT,FPD
1537141,800489,2,10105,admin,2022-07-03,EN,10105-01,950,2022-07-10,168231,Wire Transfer,2022-07-03,HPD,PAYMENT,HPD
1537142,800490,2,MAIMM1_2022 Immigration Unbillable,admin,2022-07-03,EN,MAIMM1,3975,2022-07-11,168500,Visa,2022-07-03,RECON,PAYMENT,RECON
1537143,800491,2,7552,admin,2022-07-03,EN,7552-GE1,150,2022-07-03,168501,Visa,2022-07-03,RECON,PAYMENT,RECON
1537144,800492,1,53038,admin,2022-07-03,EN,53038-01,90,2022-07-03,169232,Wire Transfer,2022-07-03,FPD,PAYMENT,FPD
1539260,800493,2,8801,admin,2022-07-03,EN,8801-204,4112.12,2022-07-03,169857,Wire Transfer,2022-07-03,N,PAYMENT,N
1539336,800494,2,4004,admin,2022-07-03,EN,4004-203,350,2022-07-03,168190,N,2022-07-03,FPD,PAYMENT,FPD
1539337,800495,2,9310,admin,2022-07-03,EN,9310-223,162.5,2022-07-03,168197,Cash,2022-07-03,FPD,PAYMENT,FPD
1539338,800496,2,8525,admin,2022-07-03,EN,8525-212,816,2022-07-03,168199,Cash,2022-07-03,FPD,PAYMENT,FPD
1539339,800497,2,CODIMM1_2022 Immigration Unbillable,admin,2022-07-03,EN,CODIMM1,110,2022-07-03,168211,Cash,2022-07-03,HPD,PAYMENT,HPD
1539340,800498,1,54000,admin,2022-07-03,EN,54000-01,350,2022-07-03,168226,Cash,2022-07-03,CON,PAYMENT,CON
1539341,800499,2,8801,admin,2022-07-03,EN,8801-201,115,2022-07-03,168342,Check,2022-07-03,11424,PAYMENT,11424
1539342,800500,2,MAIMM1_2022 Immigration Unbillable,admin,2022-07-03,EN,MAIMM1,2427.5,2022-07-04,168403,Cash,2022-07-03,FPD,PAYMENT,FPD
1539343,800501,2,8936,admin,2022-07-03,EN,8936-201,250,2022-07-05,168528,MasterCard,2022-07-03,RECON,PAYMENT,RECON
1539344,800502,2,4004,admin,2022-07-03,EN,4004-202,2500,2022-07-06,168529,Visa,2022-07-03,RECON,PAYMENT,RECON
1539345,800503,2,CODIMM1_2022 Immigration Unbillable,admin,2022-07-03,EN,CODIMM1,700,2022-07-07,168531,Visa,2022-07-03,RECON,PAYMENT,RECON
1539346,800504,2,9345,admin,2022-07-03,EN,9345-225,125,2022-07-08,168534,Visa,2022-07-03,RECON,PAYMENT,RECON
1539347,800505,2,3265,admin,2022-07-03,EN,3265-201,575,2022-07-09,168537,Visa,2022-07-03,RECON,PAYMENT,RECON
1539348,800506,2,3265,admin,2022-07-03,EN,3265-201,220,2022-07-10,168542,Visa,2022-07-03,RECON,PAYMENT,RECON
1539349,800507,1,5220,admin,2022-07-03,EN,5220-03,522.02,2022-07-11,168543,Visa,2022-07-03,RECON,PAYMENT,RECON
1539350,800508,2,10116,admin,2022-07-03,EN,10116-01,575,2022-07-03,168544,Visa,2022-07-03,RECON,PAYMENT,RECON
1539352,800509,1,53011,admin,2022-07-03,EN,53011-02,3450,2022-07-03,169897,Wire Transfer,2022-07-03,N,PAYMENT,N
1539353,800510,2,9363,admin,2022-07-03,EN,9363-222,3768,2022-07-03,169874,Wire Transfer,2022-07-03,N,PAYMENT,N
1539354,800511,2,10054,admin,2022-07-03,EN,10054-01_Deaglan McClean,2500,2022-07-03,169899,Wire Transfer,2022-07-03,N,PAYMENT,N
1539355,800512,2,10114,admin,2022-07-03,EN,10114-01,135,2022-07-03,169905,Wire Transfer,2022-07-03,N,PAYMENT,N
1539356,800513,2,9096,admin,2022-07-03,EN,9096-213,3450,2022-07-03,169892,Check,2022-07-03,1769,PAYMENT,1769
1539357,800514,2,8995,admin,2022-07-03,EN,8995-223,100,2022-07-03,169951,Credit Card Manual,2022-07-03,N,PAYMENT,N
1539358,800515,1,53981,admin,2022-07-03,EN,53981-01,650,2022-07-03,169901,Wire Transfer,2022-07-03,N,PAYMENT,N
1539359,800516,1,53987,admin,2022-07-03,EN,53987-01,3000,2022-07-04,169915,MasterCard,2022-07-03,RECON,PAYMENT,RECON
1539360,800517,1,53011,admin,2022-07-03,EN,53011-02,670,2022-07-05,169873,Wire Transfer,2022-07-03,N,PAYMENT,N
1539361,800518,1,5692,admin,2022-07-03,EN,5692-221,4022.5,2022-07-06,169875,Wire Transfer,2022-07-03,N,PAYMENT,N
1539362,800519,2,10052,admin,2022-07-03,EN,10052-01,195,2022-07-07,169894,Check,2022-07-03,4965,PAYMENT,4965
1539363,800520,2,10144,admin,2022-07-03,EN,10144-01,450,2022-07-08,169895,Check,2022-07-03,10147,PAYMENT,10147
1539364,800521,2,8482,admin,2022-07-03,EN,8482-222,3000,2022-07-09,169919,MasterCard,2022-07-03,RECON,PAYMENT,RECON
1539365,800522,2,10144,admin,2022-07-03,EN,10144-01,1600,2022-07-10,169920,Visa,2022-07-03,RECON,PAYMENT,RECON
1539366,800523,2,10145,admin,2022-07-03,EN,10145-02,1825,2022-07-11,169921,Visa,2022-07-03,RECON,PAYMENT,RECON
1539367,800524,1,5629,admin,2022-07-03,EN,"5629-212_Arreguin, Arnulfo",575,2022-07-03,169922,Visa,2022-07-03,RECON,PAYMENT,RECON
1539368,800525,2,8835,admin,2022-07-03,EN,8835-213,210,2022-07-03,169923,MasterCard,2022-07-03,RECON,PAYMENT,RECON
1539369,800526,2,SDMIMM1_2022 Immigration Unbillable,admin,2022-07-03,EN,SDMIMM1,575,2022-07-03,169924,Visa,2022-07-03,RECON,PAYMENT,RECON
1539370,800527,2,7307,admin,2022-07-03,EN,7307-213,450,2022-07-03,169925,MasterCard,2022-07-03,RECON,PAYMENT,RECON
1539371,800528,2,8227,admin,2022-07-03,EN,8227-212,560,2022-07-03,169928,Visa,2022-07-03,RECON,PAYMENT,RECON
1539372,800529,2,MAIMM1_2022 Immigration Unbillable,admin,2022-07-03,EN,MAIMM1,1000,2022-07-03,169929,MasterCard,2022-07-03,RECON,PAYMENT,RECON
1539373,800530,2,7341,admin,2022-07-03,EN,7341-214,150,2022-07-03,169932,Visa,2022-07-03,RECON,PAYMENT,RECON
1539374,800531,2,7341,admin,2022-07-03,EN,7341-213,862.5,2022-07-04,169933,American Express,2022-07-03,RECON,PAYMENT,RECON
1539375,800532,2,8331,admin,2022-07-03,EN,8331-01,2100,2022-07-05,169934,American Express,2022-07-03,RECON,PAYMENT,RECON
1539376,800533,2,8547,admin,2022-07-03,EN,8547-191,31689.64,2022-07-06,169870,Check,2022-07-03,58437,PAYMENT,58437
1539377,800534,2,10144,admin,2022-07-03,EN,10144-01,3200,2022-07-07,169876,Check,2022-07-03,108434,PAYMENT,108434
1539378,800535,2,9416,admin,2022-07-03,EN,9416-223,135,2022-07-08,169937,Visa,2022-07-03,RECON,PAYMENT,RECON
1539379,800536,2,6835,admin,2022-07-03,EN,6835-221,2436.33,2022-07-09,169938,Visa,2022-07-03,RECON,PAYMENT,RECON
1539380,800537,2,7105,admin,2022-07-03,EN,7105-202,550,2022-07-10,169941,Visa,2022-07-03,RECON,PAYMENT,RECON
1539381,800538,2,7526,admin,2022-07-03,EN,7526-211,25,2022-07-11,169942,MasterCard,2022-07-03,RECON,PAYMENT,RECON
1539382,800539,2,9347,admin,2022-07-03,EN,9347-225,373.21,2022-07-12,169945,Visa,2022-07-03,RECON,PAYMENT,RECON
1539383,800540,2,9347,admin,2022-07-03,EN,9347-224,710,2022-07-03,169947,N,2022-07-03,N,PAYMENT,N
1539384,800541,2,9347,admin,2022-07-03,EN,9347-223,710,2022-07-03,169948,Credit Card Manual,2022-07-03,N,PAYMENT,N
1539385,800542,2,Payments on Existing Clients New Matters,admin,2022-07-03,EN,Payments on Existing Clients New Matters,1210,2022-07-03,169949,Credit Card Manual,2022-07-03,N,PAYMENT,N
1539386,800543,2,Payments on Existing Clients New Matters,admin,2022-07-03,EN,Payments on Existing Clients New Matters,575,2022-07-03,169858,Cash,2022-07-03,Eulalio Martinez,PAYMENT,Eulalio Martinez
1539387,800544,2,Payments on Existing Clients New Matters,admin,2022-07-03,EN,Payments on Existing Clients New Matters,575,2022-07-03,169859,Cash,2022-07-03,Ma Del Carmen Ruiz,PAYMENT,Ma Del Carmen Ruiz
1539388,800545,2,9350,admin,2022-07-03,EN,9350-223,790.62,2022-07-04,169864,Cash,2022-07-03,Johan M. Socarras,PAYMENT,Johan M. Socarras
1539389,800546,2,SDMIMM1_2022 Immigration Unbillable,admin,2022-07-03,EN,SDMIMM1,1092,2022-07-05,169867,Wire Transfer,2022-07-03,N,PAYMENT,N
1539390,800547,2,SDMIMM1_2022 Immigration Unbillable,admin,2022-07-03,EN,SDMIMM1,180,2022-07-06,169900,Cash,2022-07-03,Victor Nunez Turcios,PAYMENT,Victor Nunez Turcios
1539391,800548,2,8894,admin,2022-07-03,EN,8894-223,170,2022-07-07,169969,Visa,2022-07-03,RECON,PAYMENT,RECON
1539392,800549,2,8894,admin,2022-07-03,EN,8894-224,2750,2022-07-08,169971,Check,2022-07-03,235228,PAYMENT,235228
1539393,800550,2,9272,admin,2022-07-03,EN,9272-222,5750,2022-07-09,169972,Check,2022-07-03,235286,PAYMENT,235286
1539394,800551,2,9272,admin,2022-07-03,EN,9272-211,36400,2022-07-10,169973,Check,2022-07-03,58411,PAYMENT,58411
1539395,800552,2,9272,admin,2022-07-03,EN,9272-223,640,2022-07-11,169974,Check,2022-07-03,58411,PAYMENT,58411
1539396,800553,2,9272,admin,2022-07-03,EN,9272-223,400,2022-07-12,169975,Check,2022-07-03,58411,PAYMENT,58411
1539397,800554,2,9272,admin,2022-07-03,EN,9272-222,5760,2022-07-03,169976,Check,2022-07-03,58411,PAYMENT,58411
1539398,800555,2,Payments on Existing Clients New Matters,admin,2022-07-03,EN,Payments on Existing Clients New Matters,36000,2022-07-03,169977,Check,2022-07-03,58411,PAYMENT,58411
1539400,800556,2,MAIMM1_2022 Immigration Unbillable,admin,2022-07-03,EN,MAIMM1,575,2022-07-03,169985,Cash,2022-07-03,Leticia Estrada,PAYMENT,Leticia Estrada
1539401,800557,1,53993,admin,2022-07-03,EN,53993-02,150,2022-07-03,169998,Cash,2022-07-03,CON,PAYMENT,CON
1539402,800558,1,50079,admin,2022-07-03,EN,50079-01,1530,2022-07-04,170006,Check,2022-07-03,99723,PAYMENT,99723
1539403,800559,1,53013,admin,2022-07-03,EN,53013-02,450,2022-07-05,170007,Check,2022-07-03,13969,PAYMENT,13969
1539404,800560,1,50807,admin,2022-07-03,EN,50807-01,42490.11,2022-07-06,170008,Check,2022-07-03,10278,PAYMENT,10278
1539405,800561,2,10157,admin,2022-07-03,EN,10157-01,512.5,2022-07-07,170009,Check,2022-07-03,902823,PAYMENT,902823
1539406,800562,2,10157,admin,2022-07-03,EN,10157-01,2040,2022-07-08,170021,Cash,2022-07-03,FPD,PAYMENT,FPD
1539407,800563,2,10158,admin,2022-07-03,EN,10158-01,720,2022-07-09,170022,Cash,2022-07-03,HPD,PAYMENT,HPD
1539408,800564,2,10158,admin,2022-07-03,EN,10158-01,1912.5,2022-07-10,170023,Cash,2022-07-03,FPD,PAYMENT,FPD
1539409,800565,1,51142,admin,2022-07-03,EN,51142-38,675,2022-07-11,170024,Cash,2022-07-03,HPD,PAYMENT,HPD
1539410,800566,1,51142,admin,2022-07-03,EN,51142-46,1422.5,2022-07-03,170026,Check,2022-07-03,1107,PAYMENT,1107
1539411,800567,1,51142,admin,2022-07-03,EN,51142-03,735,2022-07-03,170027,Check,2022-07-03,1107,PAYMENT,1107
1539412,800568,1,51142,admin,2022-07-03,EN,51142-45,37756.65,2022-07-03,170028,Check,2022-07-03,1107,PAYMENT,1107
1539413,800569,1,50963,admin,2022-07-03,EN,50963-01,4957.5,2022-07-03,170029,Check,2022-07-03,1107,PAYMENT,1107
1543238,800570,2,CODIMM1_2022 Immigration Unbillable,admin,2022-07-03,EN,CODIMM1,650,2022-07-03,168254,MasterCard,2022-07-03,N,PAYMENT,N
1543239,800571,2,4056,admin,2022-07-03,EN,4056-202,250,2022-07-03,168256,Cash,2022-07-03,CON,PAYMENT,CON
1543240,800572,2,7445,admin,2022-07-03,EN,7445-225,262.5,2022-07-03,168260,Cash,2022-07-03,FPD,PAYMENT,FPD
1543241,800573,1,50807,admin,2022-07-03,EN,50807-01,1000,2022-07-03,168261,Cash,2022-07-03,FPD,PAYMENT,FPD
1543242,800574,2,9400,admin,2022-07-03,EN,9400-221,122.5,2022-07-03,168341,Check,2022-07-03,900069,PAYMENT,900069
1543243,800575,2,10064,admin,2022-07-03,EN,10064-02,4090,2022-07-03,168547,American Express,2022-07-03,RECON,PAYMENT,RECON
1543244,800576,2,9071,admin,2022-07-04,EN,9071-213,862.5,2022-07-04,168548,Visa,2022-07-04,RECON,PAYMENT,RECON
1543245,800577,2,9071,admin,2022-07-05,EN,9071-213,300,2022-07-05,168549,Visa,2022-07-05,RECON,PAYMENT,RECON
1543246,800578,2,4056,admin,2022-07-06,EN,4056-202,562.5,2022-07-06,168550,Visa,2022-07-06,RECON,PAYMENT,RECON
1543247,800579,2,CODIMM1_2022 Immigration Unbillable,admin,2022-07-07,EN,CODIMM1,600,2022-07-07,168551,Visa,2022-07-07,RECON,PAYMENT,RECON
1543248,800580,1,5479,admin,2022-07-08,EN,5479-212,250,2022-07-08,168552,Visa,2022-07-08,RECON,PAYMENT,RECON
1543249,800581,2,9110,admin,2022-07-09,EN,9110-211,3450,2022-07-09,168555,Visa,2022-07-09,RECON,PAYMENT,RECON
1543250,800582,2,9123,admin,2022-07-10,EN,9123-221,2572,2022-07-10,169172,Wire Transfer,2022-07-10,HPD,PAYMENT,HPD
1543251,800583,1,53976,admin,2022-07-11,EN,53976-01,2500,2022-07-11,169173,Wire Transfer,2022-07-11,FPD,PAYMENT,FPD
1543252,800584,2,10036,admin,2022-07-12,EN,10036-01,1117,2022-07-12,169865,Check,2022-07-12,13164,PAYMENT,13164
1543253,800585,2,9032,admin,2022-07-13,EN,9032-211,2852.5,2022-07-13,169980,Wire Transfer,2022-07-13,N,PAYMENT,N
1545166,800586,2,7253,admin,2022-07-14,EN,7253-202,445,2022-07-14,168272,Cash,2022-07-14,HPD,PAYMENT,HPD
1545167,800587,2,CODIMM1_2022 Immigration Unbillable,admin,2022-07-15,EN,CODIMM1,575,2022-07-15,168273,Cash,2022-07-15,FPD,PAYMENT,FPD
1545168,800588,2,CODIMM1_2022 Immigration Unbillable,admin,2022-07-16,EN,CODIMM1,250,2022-07-16,168299,Cash,2022-07-16,FPD,PAYMENT,FPD
1545169,800589,2,CODIMM1_2022 Immigration Unbillable,admin,2022-07-17,EN,CODIMM1,250,2022-07-17,168305,Cash,2022-07-17,CON,PAYMENT,CON
1545170,800590,2,SDMIMM1_2022 Immigration Unbillable,admin,2022-07-18,EN,SDMIMM1,250,2022-07-18,168324,Cash,2022-07-18,CON,PAYMENT,CON
1545171,800591,2,10108,admin,2022-07-19,EN,10108-01,450,2022-07-19,168556,Visa,2022-07-19,RECON,PAYMENT,RECON
1545172,800592,2,SDMIMM1_2022 Immigration Unbillable,admin,2022-07-20,EN,SDMIMM1,500,2022-07-20,168557,Visa,2022-07-20,RECON,PAYMENT,RECON
1545173,800593,1,54017,admin,2022-07-21,EN,54017-01,450,2022-07-21,168558,Visa,2022-07-21,RECON,PAYMENT,RECON
1548982,800594,2,MAIMM1_2022 Immigration Unbillable,admin,2022-07-22,EN,MAIMM1,4447.5,2022-07-22,168561,American Express,2022-07-22,RECON,PAYMENT,RECON
1548983,800595,2,CODIMM1_2022 Immigration Unbillable,admin,2022-07-23,EN,CODIMM1,250,2022-07-23,168562,Discover,2022-07-23,RECON,PAYMENT,RECON
1548984,800596,1,53965,admin,2022-07-24,EN,53965-12,250,2022-07-24,168563,MasterCard,2022-07-24,RECON,PAYMENT,RECON
1548985,800597,1,53965,admin,2022-07-25,EN,53965-13,6050,2022-07-25,168576,Wire Transfer,2022-07-25,N,PAYMENT,N
1548986,800598,2,8303,admin,2022-07-26,EN,8303-211,7366.5,2022-07-26,168577,Wire Transfer,2022-07-26,N,PAYMENT,N
1548987,800599,2,9094,admin,2022-07-27,EN,9094-02,25,2022-07-27,168698,MasterCard,2022-07-27,RECON,PAYMENT,RECON
1548988,800600,2,9094,admin,2022-07-28,EN,9094-02,3000,2022-07-28,168713,Check,2022-07-28,FPD,PAYMENT,FPD
1548989,800601,2,9094,admin,2022-07-29,EN,9094-02,200,2022-07-29,168714,Check,2022-07-29,HPD,PAYMENT,HPD
1548990,800602,2,9094,admin,2022-07-30,EN,9094-03,535,2022-07-30,168715,Check,2022-07-30,HPD,PAYMENT,HPD
1548991,800603,2,9094,admin,2022-07-31,EN,9094-03,2000,2022-07-31,168716,Check,2022-07-31,FPD,PAYMENT,FPD
1548992,800604,2,9094,admin,2022-08-01,EN,9094-04,755,2022-08-01,168717,Check,2022-08-01,HPD,PAYMENT,HPD
1548993,800605,2,9094,admin,2022-08-02,EN,9094-04,3500,2022-08-02,168718,Check,2022-08-02,FPD,PAYMENT,FPD
1548994,800606,2,8318,admin,2022-08-03,EN,8318-214,1575,2022-08-03,168719,Check,2022-08-03,HPD,PAYMENT,HPD
1548995,800607,2,8318,admin,2022-08-04,EN,8318-214,1500,2022-08-04,168721,Check,2022-08-04,FPD,PAYMENT,FPD
1548996,800608,2,7552,admin,2022-08-05,EN,7552-GE1,225,2022-08-05,168722,Check,2022-08-05,HPD,PAYMENT,HPD
1548997,800609,1,51142,admin,2022-08-06,EN,51142-02,495,2022-08-06,169235,Wire Transfer,2022-08-06,N,PAYMENT,N
1549255,800610,1,51142,admin,2022-08-07,EN,51142-03,7317.35,2022-08-07,N,N,2022-08-07,FPD,PAYMENT,FPD
1549256,800611,1,51142,admin,2022-08-08,EN,51142-03,62678.8,2022-08-08,N,N,2022-08-08,FPD,PAYMENT,FPD
1549257,800612,2,7009,admin,2022-08-09,EN,7009-223,120,2022-08-09,N,N,2022-08-09,HPD,PAYMENT,HPD
1549717,800613,2,CODIMM1_2022 Immigration Unbillable,admin,2022-08-10,EN,CODIMM1,1250,2022-08-10,168564,American Express,2022-08-10,RECON,PAYMENT,RECON
1549718,800614,2,9324,admin,2022-08-11,EN,9324-221,450,2022-08-11,168649,Credit Card Manual,2022-08-11,FPD,PAYMENT,FPD
1549719,800615,1,50822,admin,2022-08-12,EN,50822-24,460,2022-08-12,169293,Credit Card Manual,2022-08-12,FPD,PAYMENT,FPD
1554340,800616,1,50822,admin,2022-08-13,EN,50822-30,779.5,2022-08-13,168384,Wire Transfer,2022-08-13,N,PAYMENT,N
1554341,800617,1,50822,admin,2022-08-14,EN,50822-33,227.5,2022-08-14,168385,Wire Transfer,2022-08-14,N,PAYMENT,N
1554342,800618,1,50822,admin,2022-08-15,EN,50822-34,73.5,2022-08-15,168386,Wire Transfer,2022-08-15,N,PAYMENT,N
1554343,800619,1,50822,admin,2022-08-16,EN,50822-36,1065,2022-08-16,168387,Wire Transfer,2022-08-16,N,PAYMENT,N
1554344,800620,1,50822,admin,2022-08-17,EN,50822-38,3584.5,2022-08-17,168388,Wire Transfer,2022-08-17,N,PAYMENT,N
1554345,800621,1,50822,admin,2022-08-18,EN,50822-39,2117,2022-08-18,168389,Wire Transfer,2022-08-18,N,PAYMENT,N
1554346,800622,2,8525,admin,2022-08-19,EN,8525-212,939.5,2022-08-19,168390,Wire Transfer,2022-08-19,N,PAYMENT,N
1554347,800623,2,MAIMM1_2022 Immigration Unbillable,admin,2022-08-20,EN,MAIMM1,2025,2022-08-20,168427,MasterCard,2022-08-20,RBL207010725,PAYMENT,RBL207010725
1554348,800624,2,CODIMM1_2022 Immigration Unbillable,admin,2022-08-21,EN,CODIMM1,250,2022-08-21,168429,Cash,2022-08-21,CON,PAYMENT,CON
1554349,800625,2,10117,admin,2022-08-22,EN,10117-01,150,2022-08-22,168475,Cash,2022-08-22,CON,PAYMENT,CON
1554350,800626,2,CODIMM1_2022 Immigration Unbillable,admin,2022-08-23,EN,CODIMM1,3012.5,2022-08-23,168492,N,2022-08-23,FPD,PAYMENT,FPD
1554351,800627,1,51054,admin,2022-08-24,EN,51054-23,250,2022-08-24,168507,Cash,2022-08-24,CON,PAYMENT,CON
1554352,800628,1,51054,admin,2022-08-25,EN,51054-24,200,2022-08-25,168514,Check,2022-08-25,1000077469,PAYMENT,1000077469
1554353,800629,1,51054,admin,2022-08-26,EN,51054-25,240,2022-08-26,168515,Check,2022-08-26,1000077469,PAYMENT,1000077469
1554354,800630,1,51054,admin,2022-08-27,EN,51054-26,200,2022-08-27,168516,Check,2022-08-27,1000077469,PAYMENT,1000077469
1554355,800631,1,51054,admin,2022-08-28,EN,51054-27,344,2022-08-28,168517,Check,2022-08-28,1000077469,PAYMENT,1000077469
1554356,800632,1,51054,admin,2022-08-29,EN,51054-28,1529.5,2022-08-29,168518,Check,2022-08-29,1000077469,PAYMENT,1000077469
1554357,800633,1,51054,admin,2022-08-30,EN,51054-29,225.5,2022-08-30,168519,Check,2022-08-30,1000077469,PAYMENT,1000077469
1554358,800634,1,51054,admin,2022-08-31,EN,51054-30,320,2022-08-31,168520,Check,2022-08-31,1000077469,PAYMENT,1000077469
1554359,800635,1,51054,admin,2022-09-01,EN,51054-31,280,2022-09-01,168521,Check,2022-09-01,1000077469,PAYMENT,1000077469
1554360,800636,1,51054,admin,2022-09-02,EN,51054-05,240,2022-09-02,168522,Check,2022-09-02,1000077469,PAYMENT,1000077469
1554361,800637,1,51054,admin,2022-09-03,EN,51054-10,2549,2022-09-03,168523,Check,2022-09-03,1000077469,PAYMENT,1000077469
1554362,800638,1,51054,admin,2022-09-04,EN,51054-20,1421,2022-09-04,168524,Check,2022-09-04,1000077469,PAYMENT,1000077469
1554363,800639,1,51054,admin,2022-09-05,EN,51054-32,6206.5,2022-09-05,168525,Check,2022-09-05,1000077469,PAYMENT,1000077469
1554364,800640,1,51054,admin,2022-09-06,EN,51054-10,1900,2022-09-06,168526,Check,2022-09-06,1000077469,PAYMENT,1000077469
1554365,800641,1,51054,admin,2022-09-07,EN,51054-20,7148,2022-09-07,168527,Check,2022-09-07,1000077469,PAYMENT,1000077469
1554366,800642,1,51054,admin,2022-09-08,EN,51054-23,3313.3,2022-09-08,168530,Check,2022-09-08,1000077469,PAYMENT,1000077469
1554367,800643,1,51054,admin,2022-09-09,EN,51054-26,312.5,2022-09-09,168532,Check,2022-09-09,1000077469,PAYMENT,1000077469
1554368,800644,1,51054,admin,2022-09-10,EN,51054-31,1151.5,2022-09-10,168533,Check,2022-09-10,1000077469,PAYMENT,1000077469
1554369,800645,1,51054,admin,2022-09-11,EN,51054-32,52,2022-09-11,168535,Check,2022-09-11,1000077469,PAYMENT,1000077469
1554370,800646,1,51054,admin,2022-09-12,EN,51054-05,4876.5,2022-09-12,168536,Check,2022-09-12,1000077469,PAYMENT,1000077469
1554371,800647,1,51026,admin,2022-09-13,EN,51026-01,1650,2022-09-13,168540,Check,2022-09-13,1000077469,PAYMENT,1000077469
1554372,800648,1,51026,admin,2022-09-14,EN,51026-02,214.5,2022-09-14,168601,Check,2022-09-14,2787,PAYMENT,2787
1554373,800649,1,50307,admin,2022-09-15,EN,50307-01,458,2022-09-15,168602,Check,2022-09-15,2787,PAYMENT,2787
1554374,800650,2,9267,admin,2022-09-16,EN,9267-225,258.5,2022-09-16,168604,Check,2022-09-16,9628,PAYMENT,9628
1554375,800651,2,9267,admin,2022-09-17,EN,9267-226,10550,2022-09-17,168642,MasterCard,2022-09-17,RECON,PAYMENT,RECON
1554376,800652,2,9267,admin,2022-09-18,EN,9267-227,750,2022-09-18,168643,MasterCard,2022-09-18,RECON,PAYMENT,RECON
1554377,800653,2,9267,admin,2022-09-19,EN,9267-228,250,2022-09-19,168644,MasterCard,2022-09-19,RECON,PAYMENT,RECON
1554378,800654,2,9267,admin,2022-09-20,EN,9267-229,250,2022-09-20,168645,MasterCard,2022-09-20,RECON,PAYMENT,RECON
1554379,800655,2,CODIMM1_2022 Immigration Unbillable,admin,2022-09-21,EN,CODIMM1,250,2022-09-21,168646,MasterCard,2022-09-21,RECON,PAYMENT,RECON
1554380,800656,2,6835,admin,2022-09-22,EN,6835-221,250,2022-09-22,168701,Visa,2022-09-22,RECON,PAYMENT,RECON
1554381,800657,2,8339,admin,2022-09-23,EN,8339-01,550,2022-09-23,168702,Visa,2022-09-23,RECON,PAYMENT,RECON
1554382,800658,1,500021,admin,2022-09-24,EN,500021-01,575,2022-09-24,168703,Visa,2022-09-24,RECON,PAYMENT,RECON
1554383,800659,2,Payments on New Clients,admin,2022-09-25,EN,Payments on New Clients,2050,2022-09-25,168704,Visa,2022-09-25,RECON,PAYMENT,RECON
1554384,800660,2,Payments on New Clients,admin,2022-09-26,EN,Payments on New Clients,862.5,2022-09-26,170105,Cash,2022-09-26,Luis Ramon,PAYMENT,Luis Ramon
1554385,800661,2,SAIMM1_2022 Immigration Unbillable,admin,2022-09-27,EN,SAIMM1,862.5,2022-09-27,170106,Cash,2022-09-27,Luis Ramon,PAYMENT,Luis Ramon
1554386,800662,2,SAIMM1_2022 Immigration Unbillable,admin,2022-09-28,EN,SAIMM1,150,2022-09-28,170117,Cash,2022-09-28,Saiyad Ali,PAYMENT,Saiyad Ali
